matchweek,session_id,session_type,player_id,position,played_match,duration_min,total_distance_m,high_speed_running_m,sleep_hours,prev_load,rpe_load
1,MC01_01_TR01,Gym,P01,GK,0,61,1978,127.0,7.26,353.0,183
1,MC01_01_TR01,Gym,P02,DEF,0,81,1513,148.0,7.76,383.0,243
1,MC01_01_TR01,Gym,P03,DEF,0,80,2053,146.0,5.41,377.0,320
1,MC01_01_TR01,Gym,P04,DEF,0,56,1778,45.0,6.39,208.0,168
1,MC01_01_TR01,Gym,P05,DEF,0,58,3210,105.0,8.14,259.0,116
1,MC01_01_TR01,Gym,P06,MID,0,73,2606,16.0,7.23,290.0,219
1,MC01_01_TR01,Gym,P07,FWD,0,72,2193,81.0,6.67,299.0,288
1,MC01_01_TR01,Gym,P08,MID,0,86,3206,6.0,6.91,163.0,172
1,MC01_01_TR01,Gym,P09,FWD,0,62,3335,55.0,7.59,313.0,186
1,MC01_01_TR01,Gym,P10,MID,0,71,3067,186.0,6.63,196.0,213
1,MC01_01_TR01,Gym,P11,FWD,0,76,2141,31.0,7.52,373.0,152
1,MC01_01_TR01,Gym,P12,DEF,0,80,2943,130.0,6.6,354.0,240
1,MC01_01_TR01,Gym,P13,GK,0,70,3375,27.0,7.0,426.0,210
1,MC01_01_TR01,Gym,P14,MID,0,61,2261,43.0,7.75,373.0,183
1,MC01_01_TR01,Gym,P15,MID,0,65,3418,16.0,5.21,259.0,195
1,MC01_01_TR01,Gym,P16,FWD,0,67,3316,,5.88,440.0,268
1,MC01_01_TR01,Gym,P17,FWD,0,77,2026,145.0,8.49,273.0,231
1,MC01_01_TR01,Gym,P18,DEF,0,78,2043,13.0,6.05,247.0,234
1,MC01_01_TR01,Gym,P19,MID,0,58,2907,37.0,7.91,421.0,174
1,MC01_01_TR01,Gym,P20,DEF,0,72,1852,86.0,7.33,261.0,216
1,MC01_01_TR01,Gym,P21,MID,0,82,2826,,6.53,172.0,246
1,MC01_01_TR01,Gym,P22,FWD,0,58,2798,117.0,8.82,290.0,116
1,MC01_01_TR01,Gym,P23,DEF,0,58,1858,92.0,7.25,388.0,174
1,MC01_02_TR02,Field,P01,GK,0,100,6102,633.0,7.37,183.0,300
1,MC01_02_TR02,Field,P02,DEF,0,96,10201,1090.0,5.89,243.0,384
1,MC01_02_TR02,Field,P03,DEF,0,85,5730,607.0,7.51,320.0,170
1,MC01_02_TR02,Field,P05,DEF,0,91,9961,617.0,9.5,116.0,91
1,MC01_02_TR02,Field,P06,MID,0,96,10035,810.0,7.23,219.0,384
1,MC01_02_TR02,Field,P07,FWD,0,85,5723,846.0,6.18,288.0,340
1,MC01_02_TR02,Field,P08,MID,0,105,7022,1060.0,6.82,172.0,315
1,MC01_02_TR02,Field,P09,FWD,0,78,6925,711.0,6.44,186.0,390
1,MC01_02_TR02,Field,P10,MID,0,98,7107,557.0,7.09,213.0,294
1,MC01_02_TR02,Field,P11,FWD,0,83,5797,596.0,5.71,152.0,498
1,MC01_02_TR02,Field,P12,DEF,0,95,7752,1346.0,6.01,240.0,380
1,MC01_02_TR02,Field,P13,GK,0,98,6970,1136.0,7.97,210.0,294
1,MC01_02_TR02,Field,P14,MID,0,93,6460,622.0,6.26,183.0,372
1,MC01_02_TR02,Field,P16,FWD,0,107,6657,1442.0,7.05,268.0,428
1,MC01_02_TR02,Field,P17,FWD,0,75,9195,815.0,8.36,231.0,300
1,MC01_02_TR02,Field,P18,DEF,0,98,9031,1277.0,7.39,234.0,392
1,MC01_02_TR02,Field,P20,DEF,0,78,9077,638.0,6.74,216.0,390
1,MC01_02_TR02,Field,P21,MID,0,85,7060,1560.0,5.69,246.0,425
1,MC01_02_TR02,Field,P22,FWD,0,103,7630,598.0,7.06,116.0,412
1,MC01_02_TR02,Field,P23,DEF,0,85,6233,457.0,8.54,174.0,85
1,MC01_03_TR03,Gym,P01,GK,0,76,3355,130.0,6.66,300.0,152
1,MC01_03_TR03,Gym,P02,DEF,0,82,3107,3.0,5.6,384.0,246
1,MC01_03_TR03,Gym,P03,DEF,0,77,2367,22.0,6.81,170.0,231
1,MC01_03_TR03,Gym,P04,DEF,0,86,2101,23.0,6.47,168.0,258
1,MC01_03_TR03,Gym,P05,DEF,0,71,2541,52.0,8.48,91.0,71
1,MC01_03_TR03,Gym,P06,MID,0,73,2610,27.0,6.34,384.0,146
1,MC01_03_TR03,Gym,P07,FWD,0,75,2997,77.0,6.69,340.0,375
1,MC01_03_TR03,Gym,P08,MID,0,61,3365,,8.77,315.0,61
1,MC01_03_TR03,Gym,P09,FWD,0,81,3193,2.0,5.95,390.0,324
1,MC01_03_TR03,Gym,P10,MID,0,63,3092,86.0,5.9,294.0,189
1,MC01_03_TR03,Gym,P11,FWD,0,62,3366,162.0,5.33,498.0,310
1,MC01_03_TR03,Gym,P12,DEF,0,58,2247,172.0,5.99,380.0,174
1,MC01_03_TR03,Gym,P13,GK,0,68,2047,85.0,4.77,294.0,340
1,MC01_03_TR03,Gym,P14,MID,0,86,2991,157.0,5.21,372.0,516
1,MC01_03_TR03,Gym,P15,MID,0,81,2450,111.0,5.68,195.0,324
1,MC01_03_TR03,Gym,P16,FWD,0,65,2120,172.0,8.4,428.0,195
1,MC01_03_TR03,Gym,P17,FWD,0,60,1811,52.0,7.16,300.0,120
1,MC01_03_TR03,Gym,P18,DEF,0,72,1541,132.0,5.05,392.0,288
1,MC01_03_TR03,Gym,P19,MID,0,57,2357,110.0,6.38,174.0,228
1,MC01_03_TR03,Gym,P20,DEF,0,81,2135,183.0,6.75,390.0,243
1,MC01_03_TR03,Gym,P21,MID,0,71,2572,7.0,5.72,425.0,213
1,MC01_03_TR03,Gym,P22,FWD,0,76,2641,177.0,8.93,412.0,76
1,MC01_03_TR03,Gym,P23,DEF,0,68,1686,156.0,5.75,85.0,204
1,MC01_04_TR04,Field,P01,GK,0,100,6082,1378.0,7.21,152.0,400
1,MC01_04_TR04,Field,P02,DEF,0,95,6396,1137.0,5.24,246.0,475
1,MC01_04_TR04,Field,P03,DEF,0,97,9227,1268.0,6.64,231.0,388
1,MC01_04_TR04,Field,P04,DEF,0,80,10096,1401.0,6.94,258.0,240
1,MC01_04_TR04,Field,P05,DEF,0,100,8582,717.0,6.71,71.0,400
1,MC01_04_TR04,Field,P06,MID,0,83,6387,906.0,4.67,146.0,498
1,MC01_04_TR04,Field,P07,FWD,0,83,6586,1076.0,4.62,375.0,415
1,MC01_04_TR04,Field,P08,MID,0,86,6713,771.0,5.63,61.0,430
1,MC01_04_TR04,Field,P09,FWD,0,95,7063,1107.0,7.05,324.0,380
1,MC01_04_TR04,Field,P10,MID,0,86,7887,1171.0,8.54,189.0,258
1,MC01_04_TR04,Field,P11,FWD,0,91,7695,440.0,6.05,310.0,455
1,MC01_04_TR04,Field,P12,DEF,0,85,8387,,5.26,174.0,425
1,MC01_04_TR04,Field,P13,GK,0,88,5456,965.0,7.73,340.0,264
1,MC01_04_TR04,Field,P14,MID,0,90,8073,502.0,4.5,516.0,360
1,MC01_04_TR04,Field,P15,MID,0,90,8370,937.0,6.1,324.0,360
1,MC01_04_TR04,Field,P16,FWD,0,92,5436,613.0,5.36,195.0,276
1,MC01_04_TR04,Field,P17,FWD,0,93,8473,625.0,5.95,120.0,465
1,MC01_04_TR04,Field,P18,DEF,0,72,7042,816.0,7.09,288.0,288
1,MC01_04_TR04,Field,P19,MID,0,108,9321,1018.0,,228.0,324
1,MC01_04_TR04,Field,P20,DEF,0,82,8578,485.0,5.83,243.0,246
1,MC01_04_TR04,Field,P21,MID,0,82,7800,1067.0,8.1,213.0,246
1,MC01_04_TR04,Field,P22,FWD,0,90,9002,812.0,7.63,76.0,270
1,MC01_04_TR04,Field,P23,DEF,0,98,6875,1331.0,7.03,204.0,392
1,MC01_05_TR05,Field,P01,GK,0,78,9063,512.0,6.11,400.0,390
1,MC01_05_TR05,Field,P02,DEF,0,81,5917,435.0,4.85,475.0,324
1,MC01_05_TR05,Field,P03,DEF,0,90,6562,1117.0,,388.0,450
1,MC01_05_TR05,Field,P04,DEF,0,98,10187,442.0,6.63,240.0,392
1,MC01_05_TR05,Field,P05,DEF,0,101,6877,1393.0,7.13,400.0,404
1,MC01_05_TR05,Field,P06,MID,0,73,6676,354.0,4.5,498.0,365
1,MC01_05_TR05,Field,P07,FWD,0,80,7172,1023.0,7.44,415.0,160
1,MC01_05_TR05,Field,P08,MID,0,77,6903,382.0,4.54,430.0,385
1,MC01_05_TR05,Field,P09,FWD,0,68,6516,420.0,6.42,380.0,136
1,MC01_05_TR05,Field,P10,MID,0,90,6243,1115.0,6.46,258.0,360
1,MC01_05_TR05,Field,P11,FWD,0,84,6805,403.0,6.13,455.0,336
1,MC01_05_TR05,Field,P12,DEF,0,66,5390,709.0,6.72,425.0,198
1,MC01_05_TR05,Field,P13,GK,0,72,5121,1241.0,7.19,264.0,288
1,MC01_05_TR05,Field,P14,MID,0,60,4520,459.0,5.73,360.0,120
1,MC01_05_TR05,Field,P15,MID,0,68,9070,599.0,4.98,360.0,204
1,MC01_05_TR05,Field,P16,FWD,0,90,8395,1297.0,5.5,276.0,450
1,MC01_05_TR05,Field,P17,FWD,0,97,8474,1173.0,7.38,465.0,388
1,MC01_05_TR05,Field,P18,DEF,0,76,6830,399.0,7.7,288.0,152
1,MC01_05_TR05,Field,P19,MID,0,106,5870,653.0,4.9,324.0,424
1,MC01_05_TR05,Field,P20,DEF,0,83,9141,1088.0,7.19,246.0,332
1,MC01_05_TR05,Field,P21,MID,0,87,5080,412.0,5.14,246.0,348
1,MC01_05_TR05,Field,P22,FWD,0,81,5782,726.0,4.5,270.0,324
1,MC01_05_TR05,Field,P23,DEF,0,69,7525,809.0,5.23,392.0,345
1,MC01_06_TR06,Gym,P01,GK,0,65,2114,61.0,,390.0,260
1,MC01_06_TR06,Gym,P02,DEF,0,48,1868,80.0,5.49,324.0,192
1,MC01_06_TR06,Gym,P03,DEF,0,56,2704,21.0,5.52,450.0,168
1,MC01_06_TR06,Gym,P04,DEF,0,54,2993,74.0,6.65,392.0,216
1,MC01_06_TR06,Gym,P05,DEF,0,76,1849,14.0,6.32,404.0,152
1,MC01_06_TR06,Gym,P06,MID,0,52,1840,88.0,6.26,365.0,156
1,MC01_06_TR06,Gym,P07,FWD,0,65,1548,132.0,5.1,160.0,130
1,MC01_06_TR06,Gym,P08,MID,0,58,1676,57.0,5.55,385.0,232
1,MC01_06_TR06,Gym,P09,FWD,0,46,2114,48.0,7.36,136.0,92
1,MC01_06_TR06,Gym,P10,MID,0,58,2138,90.0,5.79,360.0,174
1,MC01_06_TR06,Gym,P11,FWD,0,52,2077,27.0,5.43,336.0,156
1,MC01_06_TR06,Gym,P12,DEF,0,54,2737,71.0,8.97,198.0,108
1,MC01_06_TR06,Gym,P13,GK,0,48,2672,118.0,6.18,288.0,144
1,MC01_06_TR06,Gym,P14,MID,0,56,1592,43.0,5.2,120.0,112
1,MC01_06_TR06,Gym,P15,MID,0,73,2864,130.0,7.07,204.0,146
1,MC01_06_TR06,Gym,P16,FWD,0,45,1980,23.0,6.34,450.0,135
1,MC01_06_TR06,Gym,P17,FWD,0,66,1222,60.0,4.5,388.0,132
1,MC01_06_TR06,Gym,P18,DEF,0,64,2333,21.0,7.68,152.0,64
1,MC01_06_TR06,Gym,P19,MID,0,63,2005,79.0,4.53,424.0,315
1,MC01_06_TR06,Gym,P20,DEF,0,68,1878,,6.51,332.0,204
1,MC01_06_TR06,Gym,P21,MID,0,62,1820,129.0,4.5,348.0,248
1,MC01_06_TR06,Gym,P22,FWD,0,68,2710,82.0,7.07,324.0,204
1,MC01_06_TR06,Gym,P23,DEF,0,61,2854,146.0,5.43,345.0,183
1,MC01_07_TR07,Field,P01,GK,0,88,7465,1163.0,4.91,260.0,352
1,MC01_07_TR07,Field,P02,DEF,0,84,5952,604.0,7.34,192.0,252
1,MC01_07_TR07,Field,P03,DEF,0,61,6273,723.0,6.19,168.0,183
1,MC01_07_TR07,Field,P04,DEF,0,66,7856,1121.0,5.16,216.0,198
1,MC01_07_TR07,Field,P05,DEF,0,60,5218,741.0,6.96,152.0,240
1,MC01_07_TR07,Field,P06,MID,0,60,4810,553.0,4.5,156.0,180
1,MC01_07_TR07,Field,P07,FWD,0,66,6556,875.0,6.21,130.0,198
1,MC01_07_TR07,Field,P08,MID,0,77,4714,939.0,5.79,232.0,308
1,MC01_07_TR07,Field,P09,FWD,0,69,7945,1040.0,6.83,92.0,276
1,MC01_07_TR07,Field,P10,MID,0,80,7652,639.0,6.4,174.0,240
1,MC01_07_TR07,Field,P11,FWD,0,74,4944,1044.0,4.96,156.0,222
1,MC01_07_TR07,Field,P12,DEF,0,60,5973,1170.0,5.1,108.0,240
1,MC01_07_TR07,Field,P13,GK,0,86,4530,612.0,5.21,144.0,344
1,MC01_07_TR07,Field,P14,MID,0,77,7930,909.0,5.8,112.0,308
1,MC01_07_TR07,Field,P15,MID,0,72,6596,333.0,4.67,146.0,288
1,MC01_07_TR07,Field,P16,FWD,0,74,6844,930.0,4.92,135.0,370
1,MC01_07_TR07,Field,P17,FWD,0,88,8142,969.0,7.36,132.0,264
1,MC01_07_TR07,Field,P18,DEF,0,68,8062,853.0,4.5,64.0,272
1,MC01_07_TR07,Field,P19,MID,0,82,6376,945.0,6.8,315.0,164
1,MC01_07_TR07,Field,P20,DEF,0,88,6920,679.0,5.04,204.0,264
1,MC01_07_TR07,Field,P21,MID,0,88,7538,946.0,6.14,248.0,176
1,MC01_07_TR07,Field,P22,FWD,0,74,7376,1140.0,4.71,204.0,370
1,MC01_07_TR07,Field,P23,DEF,0,73,5702,1152.0,6.41,183.0,292
1,MC01_08_M,Match,P01,GK,1,90,13280,1208.0,4.5,352.0,450
1,MC01_08_M,Match,P02,DEF,1,90,12081,,4.5,252.0,630
1,MC01_08_M,Match,P03,DEF,1,90,11421,1497.0,5.51,183.0,540
1,MC01_08_M,Match,P04,DEF,1,90,14160,1800.0,4.5,198.0,450
1,MC01_08_M,Match,P05,DEF,0,0,0,0.0,5.79,240.0,0
1,MC01_08_M,Match,P06,MID,1,90,13561,1863.0,4.5,180.0,630
1,MC01_08_M,Match,P07,FWD,0,0,0,0.0,5.28,198.0,0
1,MC01_08_M,Match,P08,MID,1,90,11567,1746.0,4.5,308.0,540
1,MC01_08_M,Match,P09,FWD,0,0,0,0.0,5.1,276.0,0
1,MC01_08_M,Match,P10,MID,1,90,12071,1801.0,5.42,240.0,540
1,MC01_08_M,Match,P11,FWD,1,90,13436,2020.0,4.5,222.0,630
1,MC01_08_M,Match,P12,DEF,0,0,0,0.0,4.5,240.0,0
1,MC01_08_M,Match,P13,GK,0,0,0,0.0,4.5,344.0,0
1,MC01_08_M,Match,P14,MID,0,0,0,0.0,6.69,308.0,0
1,MC01_08_M,Match,P15,MID,0,0,0,0.0,8.05,288.0,0
1,MC01_08_M,Match,P16,FWD,0,0,0,0.0,4.5,370.0,0
1,MC01_08_M,Match,P17,FWD,0,0,0,0.0,4.5,264.0,0
1,MC01_08_M,Match,P18,DEF,0,0,0,0.0,4.79,272.0,0
1,MC01_08_M,Match,P19,MID,0,0,0,0.0,4.91,164.0,0
1,MC01_08_M,Match,P20,DEF,0,0,0,0.0,4.78,264.0,0
1,MC01_08_M,Match,P21,MID,1,90,13372,1208.0,4.5,176.0,540
1,MC01_08_M,Match,P22,FWD,1,90,12577,1931.0,4.5,370.0,720
1,MC01_08_M,Match,P23,DEF,1,90,13672,1532.0,5.32,292.0,540
2,MC02_01_TR01,Gym,P01,GK,0,52,1925,144.0,7.33,450.0,208
2,MC02_01_TR01,Gym,P02,DEF,0,60,2619,143.0,6.53,630.0,240
2,MC02_01_TR01,Gym,P03,DEF,0,69,1655,52.0,5.94,540.0,138
2,MC02_01_TR01,Gym,P04,DEF,0,67,2625,136.0,5.2,450.0,268
2,MC02_01_TR01,Gym,P05,DEF,0,50,2145,92.0,4.5,0.0,200
2,MC02_01_TR01,Gym,P06,MID,0,61,1679,48.0,5.44,630.0,244
2,MC02_01_TR01,Gym,P07,FWD,0,46,2098,37.0,9.5,0.0,46
2,MC02_01_TR01,Gym,P08,MID,0,64,2577,71.0,7.83,540.0,256
2,MC02_01_TR01,Gym,P09,FWD,0,51,2503,100.0,6.63,0.0,153
2,MC02_01_TR01,Gym,P10,MID,0,67,1473,84.0,6.4,540.0,268
2,MC02_01_TR01,Gym,P11,FWD,0,52,2728,,6.38,630.0,156
2,MC02_01_TR01,Gym,P12,DEF,0,57,2700,143.0,8.25,0.0,114
2,MC02_01_TR01,Gym,P13,GK,0,46,1593,85.0,6.34,0.0,92
2,MC02_01_TR01,Gym,P14,MID,0,46,2464,46.0,6.98,0.0,138
2,MC02_01_TR01,Gym,P15,MID,0,60,1815,116.0,6.07,0.0,180
2,MC02_01_TR01,Gym,P16,FWD,0,46,2763,45.0,6.2,0.0,138
2,MC02_01_TR01,Gym,P17,FWD,0,48,1202,43.0,7.91,0.0,48
2,MC02_01_TR01,Gym,P18,DEF,0,47,1377,76.0,7.19,0.0,94
2,MC02_01_TR01,Gym,P19,MID,0,55,1890,82.0,5.48,0.0,165
2,MC02_01_TR01,Gym,P20,DEF,0,64,1566,48.0,7.09,0.0,64
2,MC02_01_TR01,Gym,P21,MID,0,66,2293,50.0,5.28,540.0,264
2,MC02_01_TR01,Gym,P22,FWD,0,50,1972,7.0,7.68,720.0,100
2,MC02_01_TR01,Gym,P23,DEF,0,49,1440,90.0,7.42,540.0,147
2,MC02_02_TR02,Field,P01,GK,0,61,4832,358.0,7.26,208.0,244
2,MC02_02_TR02,Field,P02,DEF,0,64,4909,985.0,7.8,240.0,256
2,MC02_02_TR02,Field,P03,DEF,0,78,5353,881.0,8.34,138.0,78
2,MC02_02_TR02,Field,P04,DEF,0,68,7657,829.0,6.99,268.0,272
2,MC02_02_TR02,Field,P05,DEF,0,78,8182,1119.0,6.55,200.0,312
2,MC02_02_TR02,Field,P06,MID,0,76,6181,1221.0,6.58,244.0,380
2,MC02_02_TR02,Field,P07,FWD,0,78,7216,1081.0,8.39,46.0,312
2,MC02_02_TR02,Field,P08,MID,0,63,6722,616.0,7.6,256.0,252
2,MC02_02_TR02,Field,P09,FWD,0,66,7546,420.0,,153.0,198
2,MC02_02_TR02,Field,P10,MID,0,71,4570,981.0,4.92,268.0,284
2,MC02_02_TR02,Field,P11,FWD,0,64,5615,1014.0,8.86,156.0,256
2,MC02_02_TR02,Field,P12,DEF,0,64,6697,562.0,7.34,114.0,192
2,MC02_02_TR02,Field,P13,GK,0,63,4722,505.0,5.89,92.0,252
2,MC02_02_TR02,Field,P14,MID,0,67,4514,1181.0,5.6,138.0,402
2,MC02_02_TR02,Field,P15,MID,0,60,5936,464.0,7.97,180.0,180
2,MC02_02_TR02,Field,P16,FWD,0,72,6483,,7.08,138.0,216
2,MC02_02_TR02,Field,P17,FWD,0,78,6154,885.0,6.32,48.0,312
2,MC02_02_TR02,Field,P18,DEF,0,89,7594,520.0,7.52,94.0,356
2,MC02_02_TR02,Field,P19,MID,0,60,7635,1136.0,8.17,165.0,180
2,MC02_02_TR02,Field,P20,DEF,0,65,6548,822.0,6.19,64.0,260
2,MC02_02_TR02,Field,P21,MID,0,71,7323,860.0,8.3,264.0,213
2,MC02_02_TR02,Field,P22,FWD,0,64,6051,1181.0,5.71,100.0,256
2,MC02_02_TR02,Field,P23,DEF,0,75,5826,818.0,6.39,147.0,300
2,MC02_03_TR03,Gym,P01,GK,0,64,2623,98.0,6.07,244.0,192
2,MC02_03_TR03,Gym,P02,DEF,0,54,1775,144.0,7.03,256.0,108
2,MC02_03_TR03,Gym,P03,DEF,0,67,2574,147.0,8.59,78.0,67
2,MC02_03_TR03,Gym,P04,DEF,0,67,2607,110.0,4.5,272.0,268
2,MC02_03_TR03,Gym,P05,DEF,0,55,2027,13.0,6.72,312.0,55
2,MC02_03_TR03,Gym,P06,MID,0,63,2719,85.0,7.01,380.0,126
2,MC02_03_TR03,Gym,P07,FWD,0,62,2584,129.0,6.38,312.0,186
2,MC02_03_TR03,Gym,P08,MID,0,64,1889,111.0,8.29,252.0,128
2,MC02_03_TR03,Gym,P09,FWD,0,69,1803,120.0,8.95,198.0,138
2,MC02_03_TR03,Gym,P10,MID,0,62,2202,47.0,6.82,284.0,310
2,MC02_03_TR03,Gym,P11,FWD,0,54,1854,1.0,7.72,256.0,108
2,MC02_03_TR03,Gym,P12,DEF,0,60,1308,29.0,6.35,192.0,180
2,MC02_03_TR03,Gym,P13,GK,0,64,1409,49.0,7.14,252.0,192
2,MC02_03_TR03,Gym,P14,MID,0,49,1237,143.0,4.5,402.0,147
2,MC02_03_TR03,Gym,P15,MID,0,56,2405,87.0,5.27,180.0,168
2,MC02_03_TR03,Gym,P16,FWD,0,67,2761,27.0,7.76,216.0,134
2,MC02_03_TR03,Gym,P17,FWD,0,56,1615,19.0,6.15,312.0,112
2,MC02_03_TR03,Gym,P18,DEF,0,46,1591,97.0,7.5,356.0,46
2,MC02_03_TR03,Gym,P19,MID,0,50,1603,20.0,,180.0,200
2,MC02_03_TR03,Gym,P20,DEF,0,52,2436,135.0,6.81,260.0,208
2,MC02_03_TR03,Gym,P21,MID,0,53,2724,88.0,5.54,213.0,212
2,MC02_03_TR03,Gym,P22,FWD,0,46,1555,82.0,8.19,256.0,46
2,MC02_03_TR03,Gym,P23,DEF,0,63,2186,60.0,4.86,300.0,252
2,MC02_04_TR04,Field,P01,GK,0,76,6181,494.0,6.7,192.0,304
2,MC02_04_TR04,Field,P02,DEF,0,75,7219,1015.0,5.98,108.0,225
2,MC02_04_TR04,Field,P03,DEF,0,68,4910,1034.0,7.4,67.0,204
2,MC02_04_TR04,Field,P04,DEF,0,70,7184,609.0,8.25,268.0,210
2,MC02_04_TR04,Field,P05,DEF,0,63,5924,588.0,5.37,55.0,189
2,MC02_04_TR04,Field,P06,MID,0,79,6030,405.0,5.79,126.0,237
2,MC02_04_TR04,Field,P07,FWD,0,73,4996,1116.0,7.81,186.0,292
2,MC02_04_TR04,Field,P08,MID,0,81,5419,649.0,7.27,128.0,243
2,MC02_04_TR04,Field,P09,FWD,0,67,4774,1149.0,5.83,138.0,268
2,MC02_04_TR04,Field,P10,MID,0,61,5683,642.0,6.26,310.0,244
2,MC02_04_TR04,Field,P11,FWD,0,75,5837,468.0,6.53,108.0,225
2,MC02_04_TR04,Field,P12,DEF,0,62,6283,1100.0,7.26,180.0,248
2,MC02_04_TR04,Field,P13,GK,0,88,8051,536.0,7.38,192.0,264
2,MC02_04_TR04,Field,P14,MID,0,71,4940,491.0,7.68,147.0,213
2,MC02_04_TR04,Field,P15,MID,0,87,4765,768.0,7.29,168.0,261
2,MC02_04_TR04,Field,P16,FWD,0,79,5192,1105.0,6.4,134.0,316
2,MC02_04_TR04,Field,P17,FWD,0,89,5872,771.0,4.5,112.0,445
2,MC02_04_TR04,Field,P18,DEF,0,80,5763,853.0,7.36,46.0,320
2,MC02_04_TR04,Field,P19,MID,0,61,6932,910.0,6.19,200.0,244
2,MC02_04_TR04,Field,P20,DEF,0,84,5284,539.0,7.17,208.0,168
2,MC02_04_TR04,Field,P21,MID,0,87,7289,352.0,6.49,212.0,261
2,MC02_04_TR04,Field,P22,FWD,0,86,4729,707.0,6.61,46.0,258
2,MC02_04_TR04,Field,P23,DEF,0,73,7414,919.0,6.27,252.0,292
2,MC02_05_TR05,Field,P01,GK,0,71,5112,613.0,7.06,304.0,284
2,MC02_05_TR05,Field,P02,DEF,0,72,6241,755.0,6.05,225.0,288
2,MC02_05_TR05,Field,P03,DEF,0,75,5768,850.0,7.27,204.0,300
2,MC02_05_TR05,Field,P04,DEF,0,58,5993,328.0,6.79,210.0,116
2,MC02_05_TR05,Field,P05,DEF,0,82,7273,599.0,6.94,189.0,246
2,MC02_05_TR05,Field,P06,MID,0,80,4623,528.0,5.86,237.0,400
2,MC02_05_TR05,Field,P07,FWD,0,73,6508,598.0,8.44,292.0,219
2,MC02_05_TR05,Field,P08,MID,0,64,6012,686.0,7.31,243.0,192
2,MC02_05_TR05,Field,P09,FWD,0,65,6894,712.0,7.44,268.0,195
2,MC02_05_TR05,Field,P10,MID,0,63,4910,393.0,7.0,244.0,189
2,MC02_05_TR05,Field,P11,FWD,0,63,6925,1009.0,7.3,225.0,252
2,MC02_05_TR05,Field,P12,DEF,0,79,7478,528.0,5.2,248.0,316
2,MC02_05_TR05,Field,P13,GK,0,82,5412,,4.69,264.0,410
2,MC02_05_TR05,Field,P14,MID,0,72,6599,402.0,6.16,213.0,288
2,MC02_05_TR05,Field,P15,MID,0,87,14162,,6.89,261.0,348
2,MC02_05_TR05,Field,P16,FWD,0,59,6610,1025.0,4.5,316.0,177
2,MC02_05_TR05,Field,P17,FWD,0,62,6132,345.0,6.38,445.0,248
2,MC02_05_TR05,Field,P18,DEF,0,62,5516,821.0,6.69,320.0,248
2,MC02_05_TR05,Field,P19,MID,0,81,7737,1216.0,5.94,244.0,324
2,MC02_05_TR05,Field,P20,DEF,0,78,7635,1118.0,7.51,168.0,234
2,MC02_05_TR05,Field,P21,MID,0,72,5680,635.0,7.48,261.0,144
2,MC02_05_TR05,Field,P22,FWD,0,78,5990,1171.0,5.66,258.0,390
2,MC02_05_TR05,Field,P23,DEF,0,79,7307,312.0,5.31,292.0,316
2,MC02_06_TR06,Gym,P01,GK,0,50,1094,54.0,6.32,284.0,100
2,MC02_06_TR06,Gym,P02,DEF,0,54,2007,80.0,7.89,288.0,108
2,MC02_06_TR06,Gym,P03,DEF,0,52,1780,61.0,6.99,300.0,208
2,MC02_06_TR06,Gym,P04,DEF,0,46,2318,72.0,5.85,116.0,138
2,MC02_06_TR06,Gym,P05,DEF,0,44,1734,101.0,5.2,246.0,176
2,MC02_06_TR06,Gym,P06,MID,0,49,1950,67.0,5.94,400.0,147
2,MC02_06_TR06,Gym,P07,FWD,0,42,1492,23.0,4.6,219.0,168
2,MC02_06_TR06,Gym,P08,MID,0,49,1971,111.0,,192.0,147
2,MC02_06_TR06,Gym,P09,FWD,0,61,2430,17.0,6.7,195.0,183
2,MC02_06_TR06,Gym,P10,MID,0,44,2092,24.0,6.27,189.0,88
2,MC02_06_TR06,Gym,P11,FWD,0,54,1908,22.0,4.68,252.0,162
2,MC02_06_TR06,Gym,P12,DEF,0,45,1800,37.0,5.65,316.0,135
2,MC02_06_TR06,Gym,P13,GK,0,49,990,111.0,5.43,410.0,147
2,MC02_06_TR06,Gym,P14,MID,0,55,2127,14.0,7.96,288.0,165
2,MC02_06_TR06,Gym,P15,MID,0,62,1335,53.0,7.47,348.0,124
2,MC02_06_TR06,Gym,P16,FWD,0,57,1588,40.0,7.0,177.0,57
2,MC02_06_TR06,Gym,P17,FWD,0,57,2428,52.0,5.39,248.0,228
2,MC02_06_TR06,Gym,P18,DEF,0,55,2233,21.0,7.97,248.0,110
2,MC02_06_TR06,Gym,P19,MID,0,51,1899,111.0,6.37,324.0,204
2,MC02_06_TR06,Gym,P20,DEF,0,46,1848,35.0,6.03,234.0,138
2,MC02_06_TR06,Gym,P21,MID,0,41,1204,55.0,6.37,144.0,82
2,MC02_06_TR06,Gym,P22,FWD,0,47,2018,95.0,6.07,390.0,141
2,MC02_06_TR06,Gym,P23,DEF,0,52,1043,96.0,5.86,316.0,104
2,MC02_07_TR07,Field,P01,GK,0,58,6024,291.0,5.93,100.0,174
2,MC02_07_TR07,Field,P03,DEF,0,68,6547,843.0,6.3,208.0,136
2,MC02_07_TR07,Field,P04,DEF,0,58,5451,402.0,4.5,138.0,232
2,MC02_07_TR07,Field,P05,DEF,0,73,4336,555.0,7.05,176.0,219
2,MC02_07_TR07,Field,P06,MID,0,52,3780,531.0,7.19,147.0,156
2,MC02_07_TR07,Field,P07,FWD,0,71,5534,383.0,6.56,168.0,213
2,MC02_07_TR07,Field,P08,MID,0,58,6420,921.0,6.28,147.0,116
2,MC02_07_TR07,Field,P09,FWD,0,70,4784,,4.75,183.0,280
2,MC02_07_TR07,Field,P10,MID,0,63,3618,644.0,4.53,88.0,189
2,MC02_07_TR07,Field,P11,FWD,0,63,6415,651.0,9.01,162.0,126
2,MC02_07_TR07,Field,P12,DEF,0,54,5288,668.0,5.04,135.0,216
2,MC02_07_TR07,Field,P13,GK,0,53,5843,332.0,5.08,147.0,159
2,MC02_07_TR07,Field,P14,MID,0,67,5833,444.0,6.33,165.0,201
2,MC02_07_TR07,Field,P15,MID,0,58,5269,693.0,4.8,124.0,290
2,MC02_07_TR07,Field,P16,FWD,0,72,4080,459.0,6.43,57.0,216
2,MC02_07_TR07,Field,P17,FWD,0,66,4108,828.0,6.51,228.0,264
2,MC02_07_TR07,Field,P18,DEF,0,77,6848,1012.0,7.43,110.0,308
2,MC02_07_TR07,Field,P19,MID,0,59,5333,575.0,8.3,204.0,59
2,MC02_07_TR07,Field,P20,DEF,0,58,7020,373.0,8.01,138.0,116
2,MC02_07_TR07,Field,P21,MID,0,67,4635,357.0,5.8,82.0,201
2,MC02_07_TR07,Field,P22,FWD,0,57,5194,572.0,5.55,141.0,171
2,MC02_07_TR07,Field,P23,DEF,0,56,4383,889.0,8.67,104.0,56
2,MC02_08_M,Match,P01,GK,1,90,10526,925.0,5.1,174.0,270
2,MC02_08_M,Match,P02,DEF,1,90,11324,940.0,4.5,108.0,360
2,MC02_08_M,Match,P03,DEF,0,0,0,0.0,4.5,136.0,0
2,MC02_08_M,Match,P04,DEF,1,90,9288,1670.0,6.74,232.0,450
2,MC02_08_M,Match,P05,DEF,1,90,10885,1014.0,5.81,219.0,360
2,MC02_08_M,Match,P06,MID,0,0,0,0.0,5.77,156.0,0
2,MC02_08_M,Match,P07,FWD,1,90,11491,1274.0,6.14,213.0,450
2,MC02_08_M,Match,P08,MID,0,0,0,0.0,6.08,116.0,0
2,MC02_08_M,Match,P09,FWD,1,90,11371,1541.0,4.71,280.0,450
2,MC02_08_M,Match,P10,MID,1,90,11446,1544.0,5.35,189.0,450
2,MC02_08_M,Match,P11,FWD,0,0,0,0.0,5.52,126.0,0
2,MC02_08_M,Match,P12,DEF,0,0,0,0.0,5.99,216.0,0
2,MC02_08_M,Match,P13,GK,0,0,0,0.0,5.99,159.0,0
2,MC02_08_M,Match,P14,MID,1,90,9993,1538.0,6.97,201.0,360
2,MC02_08_M,Match,P15,MID,1,90,11165,1433.0,7.07,290.0,450
2,MC02_08_M,Match,P16,FWD,0,0,0,0.0,5.54,216.0,0
2,MC02_08_M,Match,P17,FWD,0,0,0,0.0,4.7,264.0,0
2,MC02_08_M,Match,P18,DEF,1,90,10021,1484.0,4.5,308.0,450
2,MC02_08_M,Match,P19,MID,1,90,9978,1675.0,6.52,59.0,360
2,MC02_08_M,Match,P20,DEF,0,0,0,0.0,5.89,116.0,0
2,MC02_08_M,Match,P21,MID,0,0,0,0.0,4.59,201.0,0
2,MC02_08_M,Match,P22,FWD,0,0,0,0.0,4.72,171.0,0
2,MC02_08_M,Match,P23,DEF,0,0,0,0.0,6.25,56.0,0
3,MC03_01_TR01,Gym,P01,GK,0,73,1708,125.0,7.78,270.0,292
3,MC03_01_TR01,Gym,P02,DEF,0,82,2283,18.0,8.61,360.0,164
3,MC03_01_TR01,Gym,P03,DEF,0,85,2732,6.0,7.23,0.0,340
3,MC03_01_TR01,Gym,P04,DEF,0,58,1552,62.0,7.38,450.0,58
3,MC03_01_TR01,Gym,P05,DEF,0,78,1905,86.0,4.8,360.0,312
3,MC03_01_TR01,Gym,P06,MID,0,85,2161,165.0,7.48,0.0,340
3,MC03_01_TR01,Gym,P07,FWD,0,82,1616,50.0,7.88,450.0,164
3,MC03_01_TR01,Gym,P08,MID,0,60,2492,40.0,6.77,0.0,180
3,MC03_01_TR01,Gym,P09,FWD,0,72,3082,160.0,5.24,450.0,216
3,MC03_01_TR01,Gym,P10,MID,0,86,3256,107.0,5.91,450.0,172
3,MC03_01_TR01,Gym,P11,FWD,0,67,2510,90.0,7.88,0.0,134
3,MC03_01_TR01,Gym,P12,DEF,0,78,2713,170.0,4.5,0.0,156
3,MC03_01_TR01,Gym,P13,GK,0,68,1757,21.0,6.82,0.0,204
3,MC03_01_TR01,Gym,P14,MID,0,57,2068,131.0,6.28,360.0,285
3,MC03_01_TR01,Gym,P15,MID,0,65,3380,97.0,6.75,450.0,130
3,MC03_01_TR01,Gym,P16,FWD,0,73,1826,116.0,8.51,0.0,146
3,MC03_01_TR01,Gym,P17,FWD,0,76,1772,7.0,5.48,0.0,304
3,MC03_01_TR01,Gym,P18,DEF,0,85,1927,83.0,7.3,450.0,255
3,MC03_01_TR01,Gym,P19,MID,0,60,1871,17.0,4.95,360.0,300
3,MC03_01_TR01,Gym,P20,DEF,0,62,3117,77.0,7.5,0.0,186
3,MC03_01_TR01,Gym,P21,MID,0,86,3481,162.0,7.92,0.0,172
3,MC03_01_TR01,Gym,P22,FWD,0,60,2361,67.0,6.32,0.0,180
3,MC03_01_TR01,Gym,P23,DEF,0,56,2456,178.0,6.06,0.0,224
3,MC03_02_TR02,Field,P01,GK,0,95,7020,1023.0,,292.0,380
3,MC03_02_TR02,Field,P02,DEF,0,108,9147,1378.0,7.62,164.0,432
3,MC03_02_TR02,Field,P04,DEF,0,95,8898,883.0,6.68,58.0,380
3,MC03_02_TR02,Field,P05,DEF,0,81,10105,761.0,7.83,312.0,243
3,MC03_02_TR02,Field,P06,MID,0,86,6540,1521.0,7.21,340.0,430
3,MC03_02_TR02,Field,P07,FWD,0,78,8898,1045.0,8.37,164.0,312
3,MC03_02_TR02,Field,P08,MID,0,105,7298,1498.0,7.43,180.0,420
3,MC03_02_TR02,Field,P09,FWD,0,86,8148,873.0,7.34,216.0,344
3,MC03_02_TR02,Field,P10,MID,0,95,7650,1230.0,8.61,172.0,95
3,MC03_02_TR02,Field,P11,FWD,0,106,7411,751.0,6.69,134.0,424
3,MC03_02_TR02,Field,P12,DEF,0,87,8972,523.0,8.39,156.0,261
3,MC03_02_TR02,Field,P13,GK,0,81,9928,1376.0,5.95,204.0,405
3,MC03_02_TR02,Field,P14,MID,0,97,9603,668.0,7.37,285.0,485
3,MC03_02_TR02,Field,P15,MID,0,88,8010,1183.0,7.71,130.0,264
3,MC03_02_TR02,Field,P17,FWD,0,80,6526,603.0,6.29,304.0,320
3,MC03_02_TR02,Field,P18,DEF,0,96,8677,1141.0,7.61,255.0,384
3,MC03_02_TR02,Field,P19,MID,0,106,8481,1170.0,6.38,300.0,530
3,MC03_02_TR02,Field,P20,DEF,0,106,6143,538.0,8.48,186.0,424
3,MC03_02_TR02,Field,P21,MID,0,97,9998,1392.0,8.09,172.0,388
3,MC03_02_TR02,Field,P22,FWD,0,88,7581,642.0,6.75,180.0,440
3,MC03_02_TR02,Field,P23,DEF,0,81,8736,618.0,7.13,224.0,324
3,MC03_03_TR03,Gym,P01,GK,0,68,3305,31.0,7.26,380.0,136
3,MC03_03_TR03,Gym,P02,DEF,0,81,1713,110.0,5.54,432.0,324
3,MC03_03_TR03,Gym,P03,DEF,0,71,3372,81.0,6.7,340.0,71
3,MC03_03_TR03,Gym,P04,DEF,0,71,2455,172.0,5.33,380.0,284
3,MC03_03_TR03,Gym,P05,DEF,0,68,1980,42.0,5.16,243.0,204
3,MC03_03_TR03,Gym,P06,MID,0,73,3462,2.0,6.77,430.0,219
3,MC03_03_TR03,Gym,P07,FWD,0,70,2933,11.0,6.06,312.0,280
3,MC03_03_TR03,Gym,P08,MID,0,78,3062,168.0,6.45,420.0,234
3,MC03_03_TR03,Gym,P09,FWD,0,68,3040,117.0,9.17,344.0,204
3,MC03_03_TR03,Gym,P10,MID,0,80,2842,173.0,7.36,95.0,160
3,MC03_03_TR03,Gym,P11,FWD,0,86,2757,151.0,7.1,424.0,258
3,MC03_03_TR03,Gym,P12,DEF,0,71,2418,98.0,5.36,261.0,142
3,MC03_03_TR03,Gym,P13,GK,0,62,2272,36.0,6.69,405.0,186
3,MC03_03_TR03,Gym,P14,MID,0,62,3288,136.0,4.5,485.0,372
3,MC03_03_TR03,Gym,P15,MID,0,63,3103,28.0,5.19,264.0,315
3,MC03_03_TR03,Gym,P16,FWD,0,66,2558,35.0,7.52,146.0,198
3,MC03_03_TR03,Gym,P17,FWD,0,83,3171,32.0,7.46,320.0,249
3,MC03_03_TR03,Gym,P18,DEF,0,81,1793,72.0,5.05,384.0,243
3,MC03_03_TR03,Gym,P19,MID,0,56,2621,86.0,6.33,530.0,112
3,MC03_03_TR03,Gym,P20,DEF,0,68,2461,45.0,6.17,424.0,136
3,MC03_03_TR03,Gym,P21,MID,0,80,1911,83.0,7.4,388.0,160
3,MC03_03_TR03,Gym,P22,FWD,0,66,2221,33.0,5.86,440.0,198
3,MC03_03_TR03,Gym,P23,DEF,0,61,2937,45.0,7.2,324.0,183
3,MC03_04_TR04,Field,P01,GK,0,72,6197,719.0,8.76,136.0,216
3,MC03_04_TR04,Field,P02,DEF,0,70,8642,724.0,7.38,324.0,140
3,MC03_04_TR04,Field,P03,DEF,0,76,9926,847.0,7.11,71.0,304
3,MC03_04_TR04,Field,P04,DEF,0,92,8508,1560.0,4.5,284.0,368
3,MC03_04_TR04,Field,P05,DEF,0,105,9826,1003.0,6.31,204.0,525
3,MC03_04_TR04,Field,P06,MID,0,92,8019,386.0,7.72,219.0,92
3,MC03_04_TR04,Field,P07,FWD,0,92,7508,945.0,7.21,280.0,368
3,MC03_04_TR04,Field,P08,MID,0,86,9180,,5.22,234.0,344
3,MC03_04_TR04,Field,P09,FWD,0,77,9545,1303.0,7.39,204.0,385
3,MC03_04_TR04,Field,P11,FWD,0,94,7585,973.0,6.38,258.0,282
3,MC03_04_TR04,Field,P13,GK,0,102,5892,1145.0,4.83,186.0,408
3,MC03_04_TR04,Field,P14,MID,0,99,5074,1022.0,4.7,372.0,396
3,MC03_04_TR04,Field,P15,MID,0,82,9380,1538.0,7.39,315.0,328
3,MC03_04_TR04,Field,P16,FWD,0,83,7008,1198.0,7.01,198.0,249
3,MC03_04_TR04,Field,P17,FWD,0,99,6210,697.0,5.43,249.0,396
3,MC03_04_TR04,Field,P18,DEF,0,99,9166,784.0,7.26,243.0,396
3,MC03_04_TR04,Field,P19,MID,0,87,8273,923.0,6.24,112.0,261
3,MC03_04_TR04,Field,P20,DEF,0,88,8753,441.0,5.22,136.0,440
3,MC03_04_TR04,Field,P21,MID,0,107,5802,671.0,4.5,160.0,428
3,MC03_04_TR04,Field,P22,FWD,0,73,8257,456.0,7.13,198.0,219
3,MC03_04_TR04,Field,P23,DEF,0,80,7342,702.0,4.81,183.0,320
3,MC03_05_TR05,Field,P01,GK,0,72,6873,829.0,5.87,216.0,216
3,MC03_05_TR05,Field,P02,DEF,0,91,7935,498.0,6.2,140.0,364
3,MC03_05_TR05,Field,P04,DEF,0,69,8201,1297.0,,368.0,414
3,MC03_05_TR05,Field,P05,DEF,0,61,5141,483.0,4.5,525.0,305
3,MC03_05_TR05,Field,P06,MID,0,72,8375,573.0,6.96,92.0,216
3,MC03_05_TR05,Field,P07,FWD,0,97,7565,633.0,6.55,368.0,388
3,MC03_05_TR05,Field,P08,MID,0,67,8991,862.0,6.29,344.0,402
3,MC03_05_TR05,Field,P09,FWD,0,81,7692,753.0,4.5,385.0,324
3,MC03_05_TR05,Field,P10,MID,0,103,8581,925.0,7.46,160.0,412
3,MC03_05_TR05,Field,P11,FWD,0,92,7618,1184.0,6.5,282.0,184
3,MC03_05_TR05,Field,P12,DEF,0,93,5857,1402.0,8.49,142.0,186
3,MC03_05_TR05,Field,P13,GK,0,85,6488,968.0,5.24,408.0,340
3,MC03_05_TR05,Field,P14,MID,0,64,7972,417.0,6.24,396.0,256
3,MC03_05_TR05,Field,P15,MID,0,90,5841,875.0,6.32,328.0,270
3,MC03_05_TR05,Field,P16,FWD,0,80,9090,1135.0,7.21,249.0,320
3,MC03_05_TR05,Field,P17,FWD,0,68,5641,751.0,3.6858304476238235,396.0,272
3,MC03_05_TR05,Field,P18,DEF,0,84,5960,1029.0,7.39,396.0,252
3,MC03_05_TR05,Field,P19,MID,0,82,7364,948.0,7.63,261.0,246
3,MC03_05_TR05,Field,P20,DEF,0,92,5846,693.0,5.89,440.0,276
3,MC03_05_TR05,Field,P21,MID,0,92,8451,1249.0,7.01,428.0,460
3,MC03_05_TR05,Field,P22,FWD,0,78,7718,1001.0,5.15,219.0,390
3,MC03_05_TR05,Field,P23,DEF,0,82,7548,765.0,5.54,320.0,328
3,MC03_06_TR06,Gym,P01,GK,0,56,2460,84.0,6.53,216.0,56
3,MC03_06_TR06,Gym,P02,DEF,0,53,2446,42.0,6.17,364.0,159
3,MC03_06_TR06,Gym,P03,DEF,0,62,2712,55.0,4.77,304.0,186
3,MC03_06_TR06,Gym,P04,DEF,0,60,1928,30.0,5.63,414.0,120
3,MC03_06_TR06,Gym,P05,DEF,0,60,1992,66.0,5.34,305.0,180
3,MC03_06_TR06,Gym,P06,MID,0,45,2400,3.0,5.59,216.0,135
3,MC03_06_TR06,Gym,P07,FWD,0,65,1280,49.0,6.91,388.0,130
3,MC03_06_TR06,Gym,P08,MID,0,62,1556,103.0,4.5,402.0,248
3,MC03_06_TR06,Gym,P09,FWD,0,57,2049,,4.63,324.0,285
3,MC03_06_TR06,Gym,P10,MID,0,72,2083,4.0,4.5,412.0,216
3,MC03_06_TR06,Gym,P11,FWD,0,46,2216,51.0,5.67,184.0,138
3,MC03_06_TR06,Gym,P12,DEF,0,78,1745,83.0,8.68,186.0,156
3,MC03_06_TR06,Gym,P13,GK,0,44,2620,117.0,7.08,340.0,44
3,MC03_06_TR06,Gym,P14,MID,0,64,1404,19.0,6.52,256.0,64
3,MC03_06_TR06,Gym,P15,MID,0,60,2674,114.0,6.29,270.0,180
3,MC03_06_TR06,Gym,P16,FWD,0,59,1589,13.0,4.93,320.0,177
3,MC03_06_TR06,Gym,P17,FWD,0,45,2782,12.0,5.26,272.0,135
3,MC03_06_TR06,Gym,P18,DEF,0,45,2374,81.0,4.97,252.0,135
3,MC03_06_TR06,Gym,P19,MID,0,54,2610,42.0,6.1,246.0,162
3,MC03_06_TR06,Gym,P20,DEF,0,60,1862,62.0,4.5,276.0,240
3,MC03_06_TR06,Gym,P21,MID,0,45,1470,58.0,4.5,460.0,180
3,MC03_06_TR06,Gym,P22,FWD,0,64,2408,33.0,5.58,390.0,192
3,MC03_06_TR06,Gym,P23,DEF,0,68,2296,90.0,4.63,328.0,204
3,MC03_07_TR07,Field,P01,GK,0,84,5264,586.0,6.61,56.0,336
3,MC03_07_TR07,Field,P02,DEF,0,78,7865,421.0,5.16,159.0,312
3,MC03_07_TR07,Field,P03,DEF,0,76,6473,901.0,7.69,186.0,304
3,MC03_07_TR07,Field,P04,DEF,0,64,6806,1107.0,8.5,120.0,64
3,MC03_07_TR07,Field,P05,DEF,0,64,6569,903.0,5.02,180.0,192
3,MC03_07_TR07,Field,P06,MID,0,60,6012,694.0,4.97,135.0,300
3,MC03_07_TR07,Field,P07,FWD,0,61,7580,954.0,4.98,130.0,244
3,MC03_07_TR07,Field,P08,MID,0,88,6248,783.0,5.88,248.0,352
3,MC03_07_TR07,Field,P09,FWD,0,73,7940,742.0,6.15,285.0,292
3,MC03_07_TR07,Field,P10,MID,0,99,8131,486.0,5.12,216.0,396
3,MC03_07_TR07,Field,P11,FWD,0,61,6404,1104.0,4.5,138.0,305
3,MC03_07_TR07,Field,P12,DEF,0,99,9067,861.0,7.83,156.0,297
3,MC03_07_TR07,Field,P13,GK,0,72,5032,407.0,7.18,44.0,144
3,MC03_07_TR07,Field,P14,MID,0,69,7345,781.0,6.17,64.0,207
3,MC03_07_TR07,Field,P15,MID,0,81,8108,457.0,5.71,180.0,243
3,MC03_07_TR07,Field,P16,FWD,0,81,7669,557.0,5.86,177.0,324
3,MC03_07_TR07,Field,P17,FWD,0,68,5570,,5.51,135.0,136
3,MC03_07_TR07,Field,P18,DEF,0,88,6349,459.0,6.49,135.0,352
3,MC03_07_TR07,Field,P19,MID,0,81,7484,516.0,4.5,162.0,324
3,MC03_07_TR07,Field,P20,DEF,0,80,5472,866.0,5.88,240.0,320
3,MC03_07_TR07,Field,P21,MID,0,76,4904,772.0,6.88,180.0,228
3,MC03_07_TR07,Field,P22,FWD,0,72,7950,600.0,4.5,192.0,360
3,MC03_07_TR07,Field,P23,DEF,0,65,5330,582.0,5.02,204.0,260
3,MC03_08_M,Match,P01,GK,1,90,12652,2110.0,6.85,336.0,450
3,MC03_08_M,Match,P02,DEF,1,90,14251,1393.0,5.79,312.0,450
3,MC03_08_M,Match,P03,DEF,0,0,0,0.0,5.91,304.0,0
3,MC03_08_M,Match,P04,DEF,1,90,11793,1630.0,5.87,64.0,450
3,MC03_08_M,Match,P05,DEF,0,0,0,0.0,4.7,192.0,0
3,MC03_08_M,Match,P06,MID,1,90,13773,1457.0,6.71,300.0,450
3,MC03_08_M,Match,P07,FWD,0,0,0,0.0,5.02,244.0,0
3,MC03_08_M,Match,P08,MID,1,90,12913,1975.0,5.71,352.0,450
3,MC03_08_M,Match,P09,FWD,0,0,0,0.0,4.5,292.0,0
3,MC03_08_M,Match,P10,MID,1,90,14326,1678.0,5.27,396.0,540
3,MC03_08_M,Match,P11,FWD,1,90,11600,1301.0,5.82,305.0,450
3,MC03_08_M,Match,P12,DEF,0,0,0,0.0,,297.0,0
3,MC03_08_M,Match,P13,GK,0,0,0,0.0,5.91,144.0,0
3,MC03_08_M,Match,P14,MID,0,0,0,0.0,5.42,207.0,0
3,MC03_08_M,Match,P15,MID,1,90,13765,1146.0,4.5,243.0,630
3,MC03_08_M,Match,P16,FWD,0,0,0,0.0,,324.0,0
3,MC03_08_M,Match,P17,FWD,1,90,11965,1568.0,4.5,136.0,450
3,MC03_08_M,Match,P18,DEF,1,90,12661,1927.0,6.42,352.0,450
3,MC03_08_M,Match,P19,MID,0,0,0,0.0,5.11,324.0,0
3,MC03_08_M,Match,P20,DEF,1,90,13105,2028.0,4.64,320.0,540
3,MC03_08_M,Match,P21,MID,0,0,0,0.0,5.18,228.0,0
3,MC03_08_M,Match,P22,FWD,0,0,0,0.0,5.84,360.0,0
3,MC03_08_M,Match,P23,DEF,0,0,0,0.0,4.5,260.0,0
4,MC04_01_TR01,Gym,P01,GK,0,53,1902,81.0,7.09,450.0,106
4,MC04_01_TR01,Gym,P02,DEF,0,61,2035,121.0,7.19,450.0,183
4,MC04_01_TR01,Gym,P03,DEF,0,66,1960,93.0,8.33,0.0,66
4,MC04_01_TR01,Gym,P04,DEF,0,60,2583,,6.68,450.0,120
4,MC04_01_TR01,Gym,P05,DEF,0,47,1482,20.0,7.7,0.0,94
4,MC04_01_TR01,Gym,P06,MID,0,65,2173,139.0,8.15,450.0,130
4,MC04_01_TR01,Gym,P07,FWD,0,57,2723,76.0,7.88,0.0,114
4,MC04_01_TR01,Gym,P08,MID,0,45,1513,135.0,6.46,450.0,135
4,MC04_01_TR01,Gym,P09,FWD,0,64,1325,10.0,7.76,0.0,192
4,MC04_01_TR01,Gym,P10,MID,0,66,1969,62.0,4.5,540.0,330
4,MC04_01_TR01,Gym,P11,FWD,0,61,2383,106.0,6.63,450.0,244
4,MC04_01_TR01,Gym,P12,DEF,0,46,2038,70.0,5.09,0.0,184
4,MC04_01_TR01,Gym,P13,GK,0,68,2751,19.0,5.89,0.0,272
4,MC04_01_TR01,Gym,P14,MID,0,63,1803,32.0,8.01,0.0,126
4,MC04_01_TR01,Gym,P15,MID,0,58,2374,14.0,5.94,630.0,290
4,MC04_01_TR01,Gym,P16,FWD,0,50,1519,127.0,7.16,0.0,100
4,MC04_01_TR01,Gym,P17,FWD,0,56,2682,18.0,6.09,450.0,168
4,MC04_01_TR01,Gym,P18,DEF,0,51,2067,22.0,4.58,450.0,153
4,MC04_01_TR01,Gym,P19,MID,0,66,1743,46.0,6.37,0.0,264
4,MC04_01_TR01,Gym,P20,DEF,0,46,1424,42.0,6.99,540.0,92
4,MC04_01_TR01,Gym,P21,MID,0,63,2032,47.0,6.48,0.0,252
4,MC04_01_TR01,Gym,P22,FWD,0,66,1602,97.0,5.88,0.0,198
4,MC04_01_TR01,Gym,P23,DEF,0,62,1982,42.0,7.38,0.0,124
4,MC04_02_TR02,Field,P01,GK,0,64,4990,392.0,6.26,106.0,256
4,MC04_02_TR02,Field,P02,DEF,0,66,6131,971.0,6.88,183.0,264
4,MC04_02_TR02,Field,P03,DEF,0,72,6075,378.0,6.78,66.0,360
4,MC04_02_TR02,Field,P04,DEF,0,69,6909,1033.0,5.58,120.0,345
4,MC04_02_TR02,Field,P05,DEF,0,63,5742,760.0,8.82,94.0,189
4,MC04_02_TR02,Field,P06,MID,0,60,5897,1112.0,,130.0,180
4,MC04_02_TR02,Field,P07,FWD,0,75,6839,813.0,6.74,114.0,225
4,MC04_02_TR02,Field,P08,MID,0,82,4871,437.0,6.15,135.0,328
4,MC04_02_TR02,Field,P09,FWD,0,83,8125,891.0,7.22,192.0,332
4,MC04_02_TR02,Field,P10,MID,0,83,7413,801.0,7.24,330.0,249
4,MC04_02_TR02,Field,P11,FWD,0,78,7227,388.0,9.34,244.0,156
4,MC04_02_TR02,Field,P12,DEF,0,76,5042,1064.0,7.46,184.0,304
4,MC04_02_TR02,Field,P13,GK,0,70,4787,757.0,6.77,272.0,280
4,MC04_02_TR02,Field,P14,MID,0,60,6275,486.0,7.74,126.0,180
4,MC04_02_TR02,Field,P15,MID,0,89,7186,1200.0,6.84,290.0,356
4,MC04_02_TR02,Field,P16,FWD,0,61,4835,843.0,7.05,100.0,244
4,MC04_02_TR02,Field,P17,FWD,0,72,8151,1224.0,7.01,168.0,288
4,MC04_02_TR02,Field,P18,DEF,0,81,7680,496.0,6.94,153.0,324
4,MC04_02_TR02,Field,P19,MID,0,73,7691,700.0,4.5,264.0,365
4,MC04_02_TR02,Field,P20,DEF,0,66,5189,986.0,8.53,92.0,132
4,MC04_02_TR02,Field,P21,MID,0,69,6583,530.0,7.02,252.0,207
4,MC04_02_TR02,Field,P22,FWD,0,75,6996,685.0,8.06,198.0,300
4,MC04_02_TR02,Field,P23,DEF,0,67,5622,995.0,7.78,124.0,201
4,MC04_03_TR03,Gym,P01,GK,0,47,2564,8.0,5.3,256.0,188
4,MC04_03_TR03,Gym,P02,DEF,0,59,1886,51.0,6.87,264.0,177
4,MC04_03_TR03,Gym,P03,DEF,0,58,1398,142.0,5.37,360.0,232
4,MC04_03_TR03,Gym,P04,DEF,0,50,2650,140.0,7.34,345.0,50
4,MC04_03_TR03,Gym,P05,DEF,0,55,2341,102.0,6.24,189.0,220
4,MC04_03_TR03,Gym,P06,MID,0,69,1378,77.0,7.19,180.0,138
4,MC04_03_TR03,Gym,P07,FWD,0,56,2180,52.0,6.66,225.0,168
4,MC04_03_TR03,Gym,P08,MID,0,45,1614,5.0,6.5,328.0,90
4,MC04_03_TR03,Gym,P09,FWD,0,53,1638,123.0,4.5,332.0,212
4,MC04_03_TR03,Gym,P10,MID,0,45,2659,56.0,5.26,249.0,180
4,MC04_03_TR03,Gym,P11,FWD,0,53,1724,49.0,4.5,156.0,212
4,MC04_03_TR03,Gym,P12,DEF,0,47,1666,113.0,5.44,304.0,188
4,MC04_03_TR03,Gym,P13,GK,0,46,2006,119.0,7.53,280.0,92
4,MC04_03_TR03,Gym,P14,MID,0,58,1308,114.0,7.41,180.0,174
4,MC04_03_TR03,Gym,P15,MID,0,49,1894,18.0,6.71,356.0,147
4,MC04_03_TR03,Gym,P16,FWD,0,64,1308,139.0,7.8,244.0,64
4,MC04_03_TR03,Gym,P17,FWD,0,56,2432,5.0,8.43,288.0,56
4,MC04_03_TR03,Gym,P18,DEF,0,47,2270,115.0,7.55,324.0,94
4,MC04_03_TR03,Gym,P19,MID,0,57,2570,52.0,8.12,365.0,114
4,MC04_03_TR03,Gym,P20,DEF,0,47,2562,6.0,7.41,132.0,141
4,MC04_03_TR03,Gym,P21,MID,0,69,1828,127.0,6.99,207.0,207
4,MC04_03_TR03,Gym,P22,FWD,0,55,2577,134.0,6.82,300.0,165
4,MC04_03_TR03,Gym,P23,DEF,0,63,2004,7.0,7.48,201.0,126
4,MC04_04_TR04,Field,P01,GK,0,72,4683,486.0,6.69,188.0,360
4,MC04_04_TR04,Field,P02,DEF,0,76,6029,784.0,6.1,177.0,304
4,MC04_04_TR04,Field,P03,DEF,0,84,4528,1056.0,9.2,232.0,168
4,MC04_04_TR04,Field,P04,DEF,0,64,5025,1183.0,5.94,50.0,320
4,MC04_04_TR04,Field,P05,DEF,0,75,5622,875.0,7.09,220.0,225
4,MC04_04_TR04,Field,P06,MID,0,88,4926,667.0,6.45,138.0,264
4,MC04_04_TR04,Field,P07,FWD,0,76,5746,888.0,6.0,168.0,380
4,MC04_04_TR04,Field,P08,MID,0,75,6395,615.0,6.37,90.0,300
4,MC04_04_TR04,Field,P09,FWD,0,67,5979,1193.0,5.65,212.0,268
4,MC04_04_TR04,Field,P10,MID,0,67,5696,458.0,7.24,180.0,201
4,MC04_04_TR04,Field,P11,FWD,0,77,6242,490.0,5.85,212.0,231
4,MC04_04_TR04,Field,P12,DEF,0,67,6284,1043.0,8.06,188.0,268
4,MC04_04_TR04,Field,P13,GK,0,87,6662,1186.0,9.5,92.0,174
4,MC04_04_TR04,Field,P14,MID,0,69,5814,964.0,6.1,174.0,276
4,MC04_04_TR04,Field,P15,MID,0,73,6538,1158.0,5.23,147.0,292
4,MC04_04_TR04,Field,P16,FWD,0,78,4748,881.0,7.41,64.0,234
4,MC04_04_TR04,Field,P17,FWD,0,61,6677,939.0,9.15,56.0,61
4,MC04_04_TR04,Field,P18,DEF,0,86,7269,711.0,5.65,94.0,344
4,MC04_04_TR04,Field,P19,MID,0,86,7973,681.0,6.11,114.0,344
4,MC04_04_TR04,Field,P20,DEF,0,85,4724,771.0,7.67,141.0,255
4,MC04_04_TR04,Field,P21,MID,0,71,5196,527.0,6.82,207.0,213
4,MC04_04_TR04,Field,P22,FWD,0,69,5936,570.0,6.67,165.0,207
4,MC04_04_TR04,Field,P23,DEF,0,70,4562,690.0,6.63,126.0,280
4,MC04_05_TR05,Field,P01,GK,0,61,5787,391.0,7.57,360.0,183
4,MC04_05_TR05,Field,P02,DEF,0,78,6417,625.0,7.07,304.0,312
4,MC04_05_TR05,Field,P03,DEF,0,75,5575,311.0,7.62,168.0,150
4,MC04_05_TR05,Field,P04,DEF,0,55,6394,872.0,6.47,320.0,220
4,MC04_05_TR05,Field,P05,DEF,0,85,7716,888.0,5.86,225.0,340
4,MC04_05_TR05,Field,P06,MID,0,78,6686,1108.0,6.66,264.0,234
4,MC04_05_TR05,Field,P07,FWD,0,55,5901,839.0,6.65,380.0,275
4,MC04_05_TR05,Field,P08,MID,0,59,5675,618.0,6.76,300.0,177
4,MC04_05_TR05,Field,P09,FWD,0,72,6392,533.0,4.95,268.0,288
4,MC04_05_TR05,Field,P10,MID,0,59,6417,881.0,6.38,201.0,177
4,MC04_05_TR05,Field,P11,FWD,0,58,7286,423.0,6.16,231.0,174
4,MC04_05_TR05,Field,P12,DEF,0,72,6069,526.0,7.44,268.0,144
4,MC04_05_TR05,Field,P13,GK,0,70,4193,985.0,4.8,174.0,350
4,MC04_05_TR05,Field,P14,MID,0,60,5658,1030.0,5.39,276.0,300
4,MC04_05_TR05,Field,P15,MID,0,77,5501,368.0,4.5,292.0,385
4,MC04_05_TR05,Field,P16,FWD,0,69,5583,888.0,6.9,234.0,276
4,MC04_05_TR05,Field,P17,FWD,0,84,4791,702.0,4.5,61.0,336
4,MC04_05_TR05,Field,P18,DEF,0,63,4542,516.0,6.91,344.0,189
4,MC04_05_TR05,Field,P19,MID,0,75,5702,767.0,6.03,344.0,300
4,MC04_05_TR05,Field,P20,DEF,0,87,4598,712.0,5.44,255.0,435
4,MC04_05_TR05,Field,P21,MID,0,63,7333,550.0,6.62,213.0,315
4,MC04_05_TR05,Field,P22,FWD,0,59,5449,678.0,5.89,207.0,295
4,MC04_05_TR05,Field,P23,DEF,0,69,7559,626.0,6.56,280.0,276
4,MC04_06_TR06,Gym,P01,GK,0,43,1382,110.0,6.74,183.0,172
4,MC04_06_TR06,Gym,P02,DEF,0,48,1048,36.0,7.24,312.0,144
4,MC04_06_TR06,Gym,P03,DEF,0,44,2445,36.0,7.76,150.0,132
4,MC04_06_TR06,Gym,P04,DEF,0,62,2322,90.0,7.37,220.0,124
4,MC04_06_TR06,Gym,P05,DEF,0,58,2358,6.0,5.95,340.0,116
4,MC04_06_TR06,Gym,P06,MID,0,50,1869,97.0,4.5,234.0,150
4,MC04_06_TR06,Gym,P07,FWD,0,49,1119,63.0,,275.0,98
4,MC04_06_TR06,Gym,P08,MID,0,53,2276,119.0,6.68,177.0,159
4,MC04_06_TR06,Gym,P09,FWD,0,36,1103,74.0,6.21,288.0,108
4,MC04_06_TR06,Gym,P10,MID,0,58,1682,7.0,6.0,177.0,174
4,MC04_06_TR06,Gym,P11,FWD,0,48,1695,41.0,6.86,174.0,144
4,MC04_06_TR06,Gym,P12,DEF,0,59,1605,5.0,6.38,144.0,59
4,MC04_06_TR06,Gym,P13,GK,0,43,1906,17.0,7.82,350.0,129
4,MC04_06_TR06,Gym,P14,MID,0,42,1422,55.0,5.32,300.0,126
4,MC04_06_TR06,Gym,P15,MID,0,38,1337,85.0,5.44,385.0,190
4,MC04_06_TR06,Gym,P16,FWD,0,47,2156,12.0,7.34,276.0,141
4,MC04_06_TR06,Gym,P17,FWD,0,41,2295,45.0,6.19,336.0,123
4,MC04_06_TR06,Gym,P18,DEF,0,44,2506,123.0,7.23,189.0,88
4,MC04_06_TR06,Gym,P19,MID,0,40,1460,62.0,7.73,300.0,80
4,MC04_06_TR06,Gym,P20,DEF,0,55,2163,59.0,6.93,435.0,110
4,MC04_06_TR06,Gym,P21,MID,0,60,1837,,4.5,315.0,240
4,MC04_06_TR06,Gym,P22,FWD,0,52,2421,68.0,7.57,295.0,52
4,MC04_06_TR06,Gym,P23,DEF,0,55,1363,68.0,5.97,276.0,275
4,MC04_07_TR07,Field,P01,GK,0,56,4300,,7.86,172.0,112
4,MC04_07_TR07,Field,P02,DEF,0,60,5858,345.0,7.03,144.0,180
4,MC04_07_TR07,Field,P03,DEF,0,76,4372,413.0,6.23,132.0,76
4,MC04_07_TR07,Field,P04,DEF,0,78,4234,826.0,6.87,124.0,234
4,MC04_07_TR07,Field,P05,DEF,0,54,6807,979.0,6.22,116.0,162
4,MC04_07_TR07,Field,P06,MID,0,72,7119,830.0,5.79,150.0,216
4,MC04_07_TR07,Field,P07,FWD,0,52,5566,540.0,4.5,98.0,208
4,MC04_07_TR07,Field,P08,MID,0,65,5709,419.0,4.5,159.0,195
4,MC04_07_TR07,Field,P09,FWD,0,56,5024,828.0,6.51,108.0,168
4,MC04_07_TR07,Field,P10,MID,0,61,6116,655.0,5.99,174.0,244
4,MC04_07_TR07,Field,P11,FWD,0,70,6447,442.0,5.82,144.0,35
4,MC04_07_TR07,Field,P12,DEF,0,71,6639,374.0,5.42,59.0,284
4,MC04_07_TR07,Field,P13,GK,0,71,6184,636.0,5.84,129.0,213
4,MC04_07_TR07,Field,P14,MID,0,72,4656,466.0,8.04,126.0,72
4,MC04_07_TR07,Field,P15,MID,0,56,5356,910.0,7.16,190.0,112
4,MC04_07_TR07,Field,P16,FWD,0,69,6838,957.0,7.07,141.0,138
4,MC04_07_TR07,Field,P17,FWD,0,60,5275,549.0,6.11,123.0,180
4,MC04_07_TR07,Field,P18,DEF,0,54,4584,583.0,7.57,88.0,108
4,MC04_07_TR07,Field,P19,MID,0,71,4294,900.0,6.11,80.0,284
4,MC04_07_TR07,Field,P20,DEF,0,56,6898,590.0,5.21,110.0,224
4,MC04_07_TR07,Field,P21,MID,0,61,3928,885.0,5.02,240.0,183
4,MC04_07_TR07,Field,P22,FWD,0,62,4169,296.0,6.63,52.0,186
4,MC04_07_TR07,Field,P23,DEF,0,63,5144,931.0,6.24,275.0,252
4,MC04_08_M,Match,P01,GK,1,90,10380,1442.0,6.33,112.0,360
4,MC04_08_M,Match,P02,DEF,1,90,10246,1518.0,4.76,180.0,540
4,MC04_08_M,Match,P03,DEF,1,90,11376,1576.0,4.99,76.0,540
4,MC04_08_M,Match,P04,DEF,1,90,9133,944.0,4.5,234.0,450
4,MC04_08_M,Match,P05,DEF,1,90,10331,1446.0,6.52,162.0,270
4,MC04_08_M,Match,P06,MID,0,0,0,0.0,4.5,216.0,0
4,MC04_08_M,Match,P07,FWD,0,0,0,0.0,4.5,208.0,0
4,MC04_08_M,Match,P08,MID,1,90,10049,1188.0,4.5,195.0,450
4,MC04_08_M,Match,P09,FWD,1,90,9364,1695.0,4.5,168.0,450
4,MC04_08_M,Match,P10,MID,0,0,0,0.0,,244.0,0
4,MC04_08_M,Match,P11,FWD,1,90,9537,1517.0,6.11,210.0,450
4,MC04_08_M,Match,P12,DEF,0,0,0,0.0,4.83,284.0,0
4,MC04_08_M,Match,P13,GK,0,0,0,0.0,5.65,213.0,0
4,MC04_08_M,Match,P14,MID,1,90,10565,1657.0,6.18,72.0,450
4,MC04_08_M,Match,P15,MID,1,90,11072,1393.0,4.5,112.0,540
4,MC04_08_M,Match,P16,FWD,0,0,0,0.0,5.24,138.0,0
4,MC04_08_M,Match,P17,FWD,0,0,0,0.0,7.51,180.0,0
4,MC04_08_M,Match,P18,DEF,0,0,0,0.0,4.52,108.0,0
4,MC04_08_M,Match,P19,MID,1,90,10598,1014.0,5.32,284.0,450
4,MC04_08_M,Match,P20,DEF,0,0,0,0.0,5.24,224.0,0
4,MC04_08_M,Match,P21,MID,0,0,0,0.0,5.34,183.0,0
4,MC04_08_M,Match,P22,FWD,0,0,0,0.0,6.31,186.0,0
4,MC04_08_M,Match,P23,DEF,0,0,0,0.0,6.77,252.0,0
5,MC05_01_TR01,Gym,P01,GK,0,67,2597,128.0,6.42,360.0,268
5,MC05_01_TR01,Gym,P02,DEF,0,63,2426,162.0,7.2,540.0,252
5,MC05_01_TR01,Gym,P03,DEF,0,56,1730,140.0,7.94,540.0,168
5,MC05_01_TR01,Gym,P04,DEF,0,66,2291,88.0,7.97,450.0,264
5,MC05_01_TR01,Gym,P05,DEF,0,57,1660,186.0,7.3,270.0,171
5,MC05_01_TR01,Gym,P06,MID,0,76,3001,88.0,6.55,0.0,228
5,MC05_01_TR01,Gym,P07,FWD,0,81,2022,130.0,5.32,0.0,405
5,MC05_01_TR01,Gym,P08,MID,0,65,3171,66.0,6.74,450.0,260
5,MC05_01_TR01,Gym,P09,FWD,0,57,2703,82.0,6.9,450.0,228
5,MC05_01_TR01,Gym,P10,MID,0,62,2401,16.0,6.6,0.0,186
5,MC05_01_TR01,Gym,P11,FWD,0,68,3060,121.0,7.14,450.0,272
5,MC05_01_TR01,Gym,P12,DEF,0,71,1676,68.0,6.25,0.0,213
5,MC05_01_TR01,Gym,P13,GK,0,68,2372,76.0,7.73,0.0,136
5,MC05_01_TR01,Gym,P14,MID,0,77,3006,91.0,7.84,450.0,154
5,MC05_01_TR01,Gym,P15,MID,0,56,3107,42.0,9.15,540.0,112
5,MC05_01_TR01,Gym,P16,FWD,0,65,3272,172.0,5.35,0.0,130
5,MC05_01_TR01,Gym,P17,FWD,0,81,1672,50.0,7.63,0.0,81
5,MC05_01_TR01,Gym,P18,DEF,0,67,3221,103.0,8.12,0.0,134
5,MC05_01_TR01,Gym,P19,MID,0,81,3318,178.0,7.03,450.0,324
5,MC05_01_TR01,Gym,P20,DEF,0,83,2641,27.0,8.45,0.0,166
5,MC05_01_TR01,Gym,P21,MID,0,68,1618,53.0,5.21,0.0,340
5,MC05_01_TR01,Gym,P22,FWD,0,73,2492,155.0,7.9,0.0,146
5,MC05_01_TR01,Gym,P23,DEF,0,83,1868,80.0,7.62,0.0,166
5,MC05_02_TR02,Field,P01,GK,0,83,9430,861.0,,268.0,332
5,MC05_02_TR02,Field,P02,DEF,0,81,10212,1083.0,6.8,252.0,405
5,MC05_02_TR02,Field,P03,DEF,0,105,9701,818.0,8.09,168.0,420
5,MC05_02_TR02,Field,P04,DEF,0,101,6410,1388.0,7.57,264.0,505
5,MC05_02_TR02,Field,P05,DEF,0,83,9388,880.0,7.51,171.0,249
5,MC05_02_TR02,Field,P06,MID,0,102,6590,880.0,,228.0,204
5,MC05_02_TR02,Field,P07,FWD,0,102,6668,791.0,7.86,405.0,306
5,MC05_02_TR02,Field,P08,MID,0,106,8240,713.0,7.11,260.0,318
5,MC05_02_TR02,Field,P09,FWD,0,88,9765,1120.0,5.83,228.0,352
5,MC05_02_TR02,Field,P10,MID,0,77,7020,1127.0,5.14,186.0,308
5,MC05_02_TR02,Field,P11,FWD,0,92,7806,785.0,6.44,272.0,368
5,MC05_02_TR02,Field,P12,DEF,0,96,9250,1357.0,7.97,213.0,480
5,MC05_02_TR02,Field,P13,GK,0,98,9327,1092.0,6.28,136.0,490
5,MC05_02_TR02,Field,P14,MID,0,106,8701,757.0,6.41,154.0,530
5,MC05_02_TR02,Field,P15,MID,0,102,8730,628.0,8.68,112.0,306
5,MC05_02_TR02,Field,P16,FWD,0,83,7422,866.0,5.96,130.0,332
5,MC05_02_TR02,Field,P17,FWD,0,92,9670,638.0,8.36,81.0,368
5,MC05_02_TR02,Field,P18,DEF,0,80,9988,878.0,6.68,134.0,400
5,MC05_02_TR02,Field,P19,MID,0,100,8088,465.0,6.17,324.0,300
5,MC05_02_TR02,Field,P20,DEF,0,88,5725,963.0,5.95,166.0,352
5,MC05_02_TR02,Field,P21,MID,0,87,6412,1065.0,8.6,340.0,435
5,MC05_02_TR02,Field,P22,FWD,0,98,7015,717.0,5.86,146.0,392
5,MC05_03_TR03,Gym,P01,GK,0,71,2345,103.0,6.91,332.0,213
5,MC05_03_TR03,Gym,P02,DEF,0,63,2210,125.0,7.03,405.0,126
5,MC05_03_TR03,Gym,P03,DEF,0,68,3185,146.0,5.01,420.0,272
5,MC05_03_TR03,Gym,P04,DEF,0,71,3285,167.0,5.97,505.0,213
5,MC05_03_TR03,Gym,P05,DEF,0,56,1567,62.0,7.54,249.0,112
5,MC05_03_TR03,Gym,P06,MID,0,80,1862,10.0,7.33,204.0,240
5,MC05_03_TR03,Gym,P07,FWD,0,72,3478,16.0,7.11,306.0,216
5,MC05_03_TR03,Gym,P08,MID,0,62,3028,161.0,7.99,318.0,124
5,MC05_03_TR03,Gym,P09,FWD,0,67,3048,33.0,4.98,352.0,201
5,MC05_03_TR03,Gym,P10,MID,0,85,1950,6.0,6.44,308.0,170
5,MC05_03_TR03,Gym,P11,FWD,0,78,2633,165.0,5.43,368.0,234
5,MC05_03_TR03,Gym,P12,DEF,0,71,2896,97.0,8.01,480.0,142
5,MC05_03_TR03,Gym,P13,GK,0,76,3001,171.0,6.95,490.0,304
5,MC05_03_TR03,Gym,P14,MID,0,56,1643,110.0,5.23,530.0,224
5,MC05_03_TR03,Gym,P15,MID,0,85,1610,157.0,6.56,306.0,85
5,MC05_03_TR03,Gym,P16,FWD,0,65,3098,40.0,7.04,332.0,195
5,MC05_03_TR03,Gym,P17,FWD,0,83,2703,66.0,6.62,368.0,249
5,MC05_03_TR03,Gym,P18,DEF,0,58,2018,98.0,6.7,400.0,232
5,MC05_03_TR03,Gym,P19,MID,0,60,1685,118.0,5.42,300.0,240
5,MC05_03_TR03,Gym,P20,DEF,0,80,2883,43.0,4.75,352.0,320
5,MC05_03_TR03,Gym,P21,MID,0,77,2407,71.0,5.44,435.0,385
5,MC05_03_TR03,Gym,P22,FWD,0,70,2978,41.0,5.24,392.0,350
5,MC05_03_TR03,Gym,P23,DEF,0,86,2555,117.0,6.49,166.0,258
5,MC05_04_TR04,Field,P01,GK,0,91,8268,693.0,5.49,213.0,455
5,MC05_04_TR04,Field,P03,DEF,0,88,6430,918.0,4.51,272.0,528
5,MC05_04_TR04,Field,P04,DEF,0,90,5152,413.0,5.89,213.0,360
5,MC05_04_TR04,Field,P05,DEF,0,91,5755,972.0,7.2,112.0,273
5,MC05_04_TR04,Field,P06,MID,0,95,6802,926.0,7.8,240.0,380
5,MC05_04_TR04,Field,P07,FWD,0,90,7888,953.0,6.81,216.0,270
5,MC05_04_TR04,Field,P08,MID,0,76,9920,1268.0,4.87,124.0,456
5,MC05_04_TR04,Field,P09,FWD,0,105,9382,1023.0,5.96,201.0,630
5,MC05_04_TR04,Field,P10,MID,0,102,8152,957.0,7.56,170.0,408
5,MC05_04_TR04,Field,P11,FWD,0,78,7738,1281.0,7.11,234.0,234
5,MC05_04_TR04,Field,P12,DEF,0,88,7605,414.0,9.44,142.0,176
5,MC05_04_TR04,Field,P13,GK,0,85,6885,1096.0,6.91,304.0,255
5,MC05_04_TR04,Field,P14,MID,0,74,8749,593.0,7.0,224.0,296
5,MC05_04_TR04,Field,P15,MID,0,101,7365,1137.0,6.91,85.0,303
5,MC05_04_TR04,Field,P16,FWD,0,88,7528,797.0,6.15,195.0,352
5,MC05_04_TR04,Field,P17,FWD,0,91,8681,1513.0,5.72,249.0,455
5,MC05_04_TR04,Field,P18,DEF,0,90,8788,1027.0,7.16,232.0,360
5,MC05_04_TR04,Field,P19,MID,0,81,6787,1169.0,5.77,240.0,405
5,MC05_04_TR04,Field,P20,DEF,0,70,6309,1260.0,5.37,320.0,350
5,MC05_04_TR04,Field,P21,MID,0,96,6966,387.0,8.09,385.0,192
5,MC05_04_TR04,Field,P22,FWD,0,67,5558,634.0,5.71,350.0,268
5,MC05_04_TR04,Field,P23,DEF,0,95,5628,577.0,,258.0,285
5,MC05_05_TR05,Field,P01,GK,0,64,5641,605.0,6.94,455.0,256
5,MC05_05_TR05,Field,P02,DEF,0,90,5736,991.0,4.89,126.0,360
5,MC05_05_TR05,Field,P03,DEF,0,88,5216,450.0,5.97,528.0,440
5,MC05_05_TR05,Field,P04,DEF,0,78,6757,786.0,8.2,360.0,156
5,MC05_05_TR05,Field,P05,DEF,0,99,6741,566.0,7.58,273.0,198
5,MC05_05_TR05,Field,P06,MID,0,70,6660,788.0,6.82,380.0,280
5,MC05_05_TR05,Field,P07,FWD,0,97,7069,,7.54,270.0,291
5,MC05_05_TR05,Field,P08,MID,0,86,5301,760.0,7.37,456.0,258
5,MC05_05_TR05,Field,P09,FWD,0,86,7726,453.0,4.75,630.0,344
5,MC05_05_TR05,Field,P10,MID,0,70,6961,686.0,7.11,408.0,280
5,MC05_05_TR05,Field,P11,FWD,0,72,8713,404.0,7.81,234.0,144
5,MC05_05_TR05,Field,P12,DEF,0,85,5092,1207.0,8.14,176.0,170
5,MC05_05_TR05,Field,P13,GK,0,72,5766,935.0,5.26,255.0,360
5,MC05_05_TR05,Field,P14,MID,0,73,5850,616.0,5.35,296.0,219
5,MC05_05_TR05,Field,P15,MID,0,90,8862,909.0,7.05,303.0,360
5,MC05_05_TR05,Field,P16,FWD,0,92,7025,1076.0,6.95,352.0,276
5,MC05_05_TR05,Field,P17,FWD,0,77,7794,382.0,4.5,455.0,231
5,MC05_05_TR05,Field,P18,DEF,0,70,8453,1318.0,4.78,360.0,350
5,MC05_05_TR05,Field,P19,MID,0,64,4962,600.0,6.45,405.0,256
5,MC05_05_TR05,Field,P20,DEF,0,88,8704,1260.0,7.45,350.0,352
5,MC05_05_TR05,Field,P21,MID,0,64,6232,1098.0,6.31,192.0,192
5,MC05_05_TR05,Field,P22,FWD,0,90,5715,872.0,5.36,268.0,360
5,MC05_05_TR05,Field,P23,DEF,0,75,9840,550.0,5.83,285.0,375
5,MC05_06_TR06,Gym,P01,GK,0,68,2068,46.0,6.09,256.0,136
5,MC05_06_TR06,Gym,P02,DEF,0,59,3136,28.0,4.67,360.0,177
5,MC05_06_TR06,Gym,P03,DEF,0,50,1404,36.0,5.25,440.0,150
5,MC05_06_TR06,Gym,P04,DEF,0,68,1509,91.0,4.75,156.0,204
5,MC05_06_TR06,Gym,P05,DEF,0,67,2925,27.0,8.48,198.0,134
5,MC05_06_TR06,Gym,P06,MID,0,60,2348,84.0,8.27,280.0,180
5,MC05_06_TR06,Gym,P07,FWD,0,56,1296,135.0,4.89,291.0,168
5,MC05_06_TR06,Gym,P08,MID,0,57,2166,110.0,4.68,258.0,171
5,MC05_06_TR06,Gym,P09,FWD,0,66,2077,121.0,6.79,344.0,66
5,MC05_06_TR06,Gym,P10,MID,0,58,1412,28.0,5.77,280.0,174
5,MC05_06_TR06,Gym,P11,FWD,0,60,2525,90.0,7.55,144.0,60
5,MC05_06_TR06,Gym,P12,DEF,0,65,1474,12.0,4.5,170.0,195
5,MC05_06_TR06,Gym,P13,GK,0,57,1376,45.0,5.11,360.0,171
5,MC05_06_TR06,Gym,P14,MID,0,45,1706,124.0,5.77,219.0,135
5,MC05_06_TR06,Gym,P15,MID,0,64,1850,138.0,7.96,360.0,192
5,MC05_06_TR06,Gym,P16,FWD,0,61,2130,45.0,4.88,276.0,183
5,MC05_06_TR06,Gym,P17,FWD,0,58,1957,15.0,4.5,231.0,232
5,MC05_06_TR06,Gym,P18,DEF,0,58,1822,37.0,6.12,350.0,232
5,MC05_06_TR06,Gym,P19,MID,0,60,1804,65.0,4.61,256.0,180
5,MC05_06_TR06,Gym,P20,DEF,0,64,1812,31.0,5.98,352.0,256
5,MC05_06_TR06,Gym,P21,MID,0,61,2188,127.0,5.27,192.0,244
5,MC05_06_TR06,Gym,P22,FWD,0,44,2636,52.0,5.9,360.0,88
5,MC05_06_TR06,Gym,P23,DEF,0,63,2153,61.0,6.38,375.0,126
5,MC05_07_TR07,Field,P01,GK,0,81,5664,870.0,5.11,136.0,243
5,MC05_07_TR07,Field,P02,DEF,0,65,7780,739.0,8.72,177.0,130
5,MC05_07_TR07,Field,P03,DEF,0,61,6746,846.0,6.03,150.0,183
5,MC05_07_TR07,Field,P04,DEF,0,84,5296,752.0,6.14,204.0,336
5,MC05_07_TR07,Field,P05,DEF,0,76,5639,605.0,7.04,134.0,228
5,MC05_07_TR07,Field,P06,MID,0,61,6149,1098.0,8.68,180.0,61
5,MC05_07_TR07,Field,P07,FWD,0,72,4742,705.0,8.52,168.0,144
5,MC05_07_TR07,Field,P08,MID,0,61,7517,782.0,,171.0,122
5,MC05_07_TR07,Field,P09,FWD,0,80,6932,612.0,5.6,66.0,160
5,MC05_07_TR07,Field,P10,MID,0,82,5488,528.0,7.21,174.0,328
5,MC05_07_TR07,Field,P11,FWD,0,65,5618,986.0,5.86,60.0,260
5,MC05_07_TR07,Field,P12,DEF,0,86,5258,720.0,7.23,195.0,258
5,MC05_07_TR07,Field,P13,GK,0,72,5944,1065.0,6.33,171.0,216
5,MC05_07_TR07,Field,P14,MID,0,70,8068,436.0,4.5,135.0,350
5,MC05_07_TR07,Field,P15,MID,0,72,5688,657.0,5.31,192.0,288
5,MC05_07_TR07,Field,P16,FWD,0,65,5222,372.0,6.89,183.0,195
5,MC05_07_TR07,Field,P17,FWD,0,88,4720,897.0,5.84,232.0,264
5,MC05_07_TR07,Field,P18,DEF,0,72,5189,347.0,6.28,232.0,216
5,MC05_07_TR07,Field,P19,MID,0,88,5889,927.0,5.81,180.0,264
5,MC05_07_TR07,Field,P20,DEF,0,73,6840,455.0,7.2,256.0,146
5,MC05_07_TR07,Field,P21,MID,0,64,8190,557.0,6.05,244.0,256
5,MC05_07_TR07,Field,P22,FWD,0,84,5724,994.0,6.61,88.0,336
5,MC05_07_TR07,Field,P23,DEF,0,72,5517,784.0,5.26,126.0,288
5,MC05_08_M,Match,P01,GK,1,90,13540,2068.0,4.5,243.0,540
5,MC05_08_M,Match,P02,DEF,1,90,12936,1222.0,4.85,130.0,540
5,MC05_08_M,Match,P03,DEF,0,0,0,0.0,6.14,183.0,0
5,MC05_08_M,Match,P04,DEF,1,90,13033,1967.0,5.07,336.0,540
5,MC05_08_M,Match,P05,DEF,1,90,11370,1501.0,5.06,228.0,540
5,MC05_08_M,Match,P06,MID,1,90,12706,2120.0,5.8,61.0,450
5,MC05_08_M,Match,P07,FWD,0,0,0,0.0,6.06,144.0,0
5,MC05_08_M,Match,P08,MID,1,90,11355,1860.0,5.42,122.0,540
5,MC05_08_M,Match,P09,FWD,0,0,0,0.0,6.38,160.0,0
5,MC05_08_M,Match,P10,MID,0,0,0,0.0,4.5,328.0,0
5,MC05_08_M,Match,P11,FWD,0,0,0,0.0,5.21,260.0,0
5,MC05_08_M,Match,P12,DEF,0,0,0,0.0,4.5,258.0,0
5,MC05_08_M,Match,P13,GK,0,0,0,0.0,4.5,216.0,0
5,MC05_08_M,Match,P14,MID,0,0,0,0.0,6.09,350.0,0
5,MC05_08_M,Match,P15,MID,0,0,0,0.0,4.64,288.0,0
5,MC05_08_M,Match,P16,FWD,1,90,11393,1195.0,4.5,195.0,450
5,MC05_08_M,Match,P17,FWD,1,90,12705,1436.0,4.5,264.0,450
5,MC05_08_M,Match,P18,DEF,1,90,14198,1267.0,4.5,216.0,630
5,MC05_08_M,Match,P19,MID,1,90,11451,1815.0,6.3,264.0,540
5,MC05_08_M,Match,P20,DEF,0,0,0,0.0,,146.0,0
5,MC05_08_M,Match,P21,MID,1,90,13756,1728.0,6.9,256.0,540
5,MC05_08_M,Match,P22,FWD,0,0,0,0.0,4.5,336.0,0
5,MC05_08_M,Match,P23,DEF,0,0,0,0.0,7.47,288.0,0
6,MC06_01_TR01,Gym,P01,GK,0,69,1328,140.0,7.19,540.0,276
6,MC06_01_TR01,Gym,P02,DEF,0,63,2120,43.0,7.25,540.0,189
6,MC06_01_TR01,Gym,P03,DEF,0,51,2085,72.0,7.03,0.0,153
6,MC06_01_TR01,Gym,P04,DEF,0,62,1610,83.0,7.13,540.0,186
6,MC06_01_TR01,Gym,P05,DEF,0,59,2690,80.0,7.2,540.0,177
6,MC06_01_TR01,Gym,P06,MID,0,64,2386,97.0,6.18,450.0,256
6,MC06_01_TR01,Gym,P07,FWD,0,47,1205,35.0,6.46,0.0,94
6,MC06_01_TR01,Gym,P08,MID,0,46,2203,52.0,5.69,540.0,230
6,MC06_01_TR01,Gym,P09,FWD,0,69,2144,101.0,7.79,0.0,276
6,MC06_01_TR01,Gym,P10,MID,0,48,2508,42.0,6.95,0.0,96
6,MC06_01_TR01,Gym,P11,FWD,0,58,2498,5.0,7.61,0.0,232
6,MC06_01_TR01,Gym,P12,DEF,0,63,2461,121.0,7.46,0.0,126
6,MC06_01_TR01,Gym,P13,GK,0,52,2236,51.0,7.66,0.0,104
6,MC06_01_TR01,Gym,P14,MID,0,57,1411,77.0,9.5,0.0,57
6,MC06_01_TR01,Gym,P15,MID,0,45,1412,67.0,6.43,0.0,135
6,MC06_01_TR01,Gym,P16,FWD,0,68,2347,48.0,7.72,450.0,204
6,MC06_01_TR01,Gym,P17,FWD,0,62,2670,118.0,6.01,450.0,186
6,MC06_01_TR01,Injury,P18,DEF,0,0,0,0.0,,630.0,0
6,MC06_01_TR01,Gym,P19,MID,0,52,1674,51.0,8.1,540.0,156
6,MC06_01_TR01,Gym,P20,DEF,0,52,1956,18.0,7.24,0.0,156
6,MC06_01_TR01,Gym,P21,MID,0,69,2717,73.0,7.12,540.0,207
6,MC06_01_TR01,Gym,P22,FWD,0,47,1362,121.0,6.11,0.0,188
6,MC06_01_TR01,Gym,P23,DEF,0,52,1207,11.0,7.96,0.0,52
6,MC06_02_TR02,Field,P01,GK,0,60,6265,1106.0,6.07,276.0,180
6,MC06_02_TR02,Field,P02,DEF,0,70,8120,1037.0,6.07,189.0,280
6,MC06_02_TR02,Field,P03,DEF,0,88,8050,631.0,6.89,153.0,352
6,MC06_02_TR02,Field,P04,DEF,0,77,6604,983.0,8.1,186.0,231
6,MC06_02_TR02,Field,P05,DEF,0,72,6473,477.0,8.27,177.0,216
6,MC06_02_TR02,Field,P06,MID,0,69,6255,380.0,6.52,256.0,276
6,MC06_02_TR02,Field,P07,FWD,0,64,5205,1104.0,8.21,94.0,192
6,MC06_02_TR02,Field,P08,MID,0,79,4640,431.0,7.7,230.0,316
6,MC06_02_TR02,Field,P09,FWD,0,78,7165,1005.0,7.38,276.0,390
6,MC06_02_TR02,Field,P10,MID,0,77,4537,1219.0,8.19,96.0,231
6,MC06_02_TR02,Field,P11,FWD,0,85,6273,469.0,5.09,232.0,340
6,MC06_02_TR02,Field,P12,DEF,0,60,6150,580.0,6.04,126.0,240
6,MC06_02_TR02,Field,P13,GK,0,66,4594,774.0,5.48,104.0,198
6,MC06_02_TR02,Field,P14,MID,0,77,7481,1193.0,8.09,57.0,308
6,MC06_02_TR02,Field,P15,MID,0,73,5580,786.0,8.25,135.0,146
6,MC06_02_TR02,Field,P16,FWD,0,61,4858,427.0,8.18,204.0,183
6,MC06_02_TR02,Field,P17,FWD,0,89,6105,1067.0,7.26,186.0,267
6,MC06_02_TR02,Injury,P18,DEF,0,0,0,0.0,,630.0,0
6,MC06_02_TR02,Field,P19,MID,0,81,5241,1112.0,5.53,156.0,405
6,MC06_02_TR02,Field,P20,DEF,0,86,6373,871.0,8.28,156.0,344
6,MC06_02_TR02,Field,P21,MID,0,66,7064,373.0,6.54,207.0,198
6,MC06_02_TR02,Field,P22,FWD,0,65,5799,650.0,8.78,188.0,195
6,MC06_02_TR02,Field,P23,DEF,0,75,7839,818.0,5.94,52.0,375
6,MC06_03_TR03,Gym,P01,GK,0,54,1452,28.0,6.25,180.0,162
6,MC06_03_TR03,Gym,P02,DEF,0,47,2525,119.0,6.39,280.0,188
6,MC06_03_TR03,Gym,P03,DEF,0,53,1828,133.0,6.31,352.0,106
6,MC06_03_TR03,Gym,P04,DEF,0,45,1237,49.0,5.55,231.0,90
6,MC06_03_TR03,Gym,P05,DEF,0,59,2096,140.0,5.97,216.0,236
6,MC06_03_TR03,Gym,P06,MID,0,57,2579,47.0,6.08,276.0,171
6,MC06_03_TR03,Gym,P07,FWD,0,66,2154,18.0,8.01,192.0,132
6,MC06_03_TR03,Gym,P08,MID,0,52,1726,97.0,5.53,316.0,208
6,MC06_03_TR03,Gym,P09,FWD,0,45,2628,79.0,5.99,390.0,180
6,MC06_03_TR03,Gym,P10,MID,0,45,1782,76.0,7.34,231.0,90
6,MC06_03_TR03,Gym,P11,FWD,0,61,2664,78.0,6.8,340.0,244
6,MC06_03_TR03,Gym,P12,DEF,0,56,1421,129.0,7.9,240.0,168
6,MC06_03_TR03,Gym,P13,GK,0,57,1524,84.0,7.42,198.0,114
6,MC06_03_TR03,Gym,P14,MID,0,62,2036,65.0,6.23,308.0,186
6,MC06_03_TR03,Gym,P15,MID,0,54,2317,36.0,7.08,146.0,162
6,MC06_03_TR03,Gym,P16,FWD,0,69,2581,139.0,6.1,183.0,276
6,MC06_03_TR03,Gym,P17,FWD,0,46,2307,71.0,4.98,267.0,184
6,MC06_03_TR03,Injury,P18,DEF,0,0,0,0.0,,630.0,0
6,MC06_03_TR03,Gym,P19,MID,0,61,1904,78.0,7.61,405.0,183
6,MC06_03_TR03,Gym,P20,DEF,0,65,2500,61.0,6.75,344.0,195
6,MC06_03_TR03,Gym,P21,MID,0,57,2357,15.0,6.78,198.0,114
6,MC06_03_TR03,Gym,P22,FWD,0,58,2017,80.0,6.9,195.0,174
6,MC06_03_TR03,Gym,P23,DEF,0,46,1896,93.0,5.53,375.0,138
6,MC06_04_TR04,Field,P01,GK,0,61,7646,604.0,7.53,162.0,122
6,MC06_04_TR04,Field,P02,DEF,0,85,4905,712.0,6.39,188.0,340
6,MC06_04_TR04,Field,P03,DEF,0,80,4819,1135.0,7.31,106.0,240
6,MC06_04_TR04,Field,P04,DEF,0,86,7190,856.0,7.71,90.0,258
6,MC06_04_TR04,Field,P05,DEF,0,73,5417,1022.0,4.5,236.0,292
6,MC06_04_TR04,Field,P06,MID,0,62,6140,640.0,5.5,171.0,248
6,MC06_04_TR04,Field,P07,FWD,0,69,5476,1035.0,4.5,132.0,345
6,MC06_04_TR04,Field,P08,MID,0,65,4876,1141.0,5.16,208.0,260
6,MC06_04_TR04,Field,P09,FWD,0,72,6569,498.0,6.85,180.0,144
6,MC06_04_TR04,Field,P10,MID,0,69,7507,853.0,5.24,90.0,345
6,MC06_04_TR04,Field,P11,FWD,0,57,7349,782.0,5.84,244.0,171
6,MC06_04_TR04,Field,P12,DEF,0,83,4613,368.0,6.44,168.0,332
6,MC06_04_TR04,Field,P13,GK,0,74,7421,663.0,8.92,114.0,222
6,MC06_04_TR04,Field,P14,MID,0,60,4840,1063.0,6.7,186.0,120
6,MC06_04_TR04,Field,P15,MID,0,74,5648,1064.0,6.25,162.0,222
6,MC06_04_TR04,Field,P16,FWD,0,89,7436,847.0,5.45,276.0,445
6,MC06_04_TR04,Field,P17,FWD,0,80,6099,1075.0,5.67,184.0,320
6,MC06_04_TR04,Injury,P18,DEF,0,0,0,0.0,,630.0,0
6,MC06_04_TR04,Field,P19,MID,0,84,5588,857.0,7.03,183.0,252
6,MC06_04_TR04,Field,P20,DEF,0,62,7601,1163.0,7.77,195.0,248
6,MC06_04_TR04,Field,P21,MID,0,76,7426,537.0,8.62,114.0,152
6,MC06_04_TR04,Field,P22,FWD,0,75,6757,682.0,4.5,174.0,375
6,MC06_04_TR04,Field,P23,DEF,0,63,7267,1032.0,5.52,138.0,315
6,MC06_05_TR05,Field,P01,GK,0,87,6031,1222.0,7.66,122.0,261
6,MC06_05_TR05,Field,P02,DEF,0,69,7274,846.0,6.21,340.0,207
6,MC06_05_TR05,Field,P03,DEF,0,64,6746,765.0,9.5,240.0,128
6,MC06_05_TR05,Field,P04,DEF,0,80,6729,986.0,8.6,258.0,160
6,MC06_05_TR05,Field,P05,DEF,0,65,7109,979.0,7.95,292.0,130
6,MC06_05_TR05,Field,P06,MID,0,73,4284,713.0,6.99,248.0,219
6,MC06_05_TR05,Field,P07,FWD,0,78,7712,1107.0,6.18,345.0,312
6,MC06_05_TR05,Field,P08,MID,0,56,7350,628.0,6.43,260.0,224
6,MC06_05_TR05,Field,P09,FWD,0,63,6839,1037.0,6.07,144.0,189
6,MC06_05_TR05,Field,P10,MID,0,74,4596,776.0,6.45,345.0,296
6,MC06_05_TR05,Field,P11,FWD,0,61,6697,761.0,8.56,171.0,122
6,MC06_05_TR05,Field,P12,DEF,0,59,4818,529.0,,332.0,177
6,MC06_05_TR05,Field,P13,GK,0,76,7777,752.0,7.49,222.0,152
6,MC06_05_TR05,Field,P14,MID,0,66,6060,782.0,5.15,120.0,396
6,MC06_05_TR05,Field,P15,MID,0,67,7652,763.0,8.12,222.0,268
6,MC06_05_TR05,Field,P16,FWD,0,76,4541,694.0,4.5,445.0,380
6,MC06_05_TR05,Field,P17,FWD,0,79,5708,707.0,6.98,320.0,158
6,MC06_05_TR05,Injury,P18,DEF,0,0,0,0.0,,630.0,0
6,MC06_05_TR05,Field,P19,MID,0,78,5787,840.0,6.13,252.0,312
6,MC06_05_TR05,Field,P20,DEF,0,77,4663,521.0,5.87,248.0,308
6,MC06_05_TR05,Field,P21,MID,0,89,4559,784.0,7.62,152.0,267
6,MC06_05_TR05,Field,P22,FWD,0,58,6587,1060.0,6.65,375.0,174
6,MC06_05_TR05,Field,P23,DEF,0,57,4988,544.0,5.38,315.0,228
6,MC06_06_TR06,Gym,P01,GK,0,49,1449,92.0,7.95,261.0,147
6,MC06_06_TR06,Gym,P02,DEF,0,50,1760,88.0,6.0,207.0,150
6,MC06_06_TR06,Gym,P03,DEF,0,48,2397,113.0,7.91,128.0,96
6,MC06_06_TR06,Gym,P04,DEF,0,58,2153,98.0,8.29,160.0,116
6,MC06_06_TR06,Gym,P05,DEF,0,41,1551,28.0,7.0,130.0,41
6,MC06_06_TR06,Gym,P06,MID,0,58,1764,126.0,5.58,219.0,174
6,MC06_06_TR06,Gym,P07,FWD,0,55,1492,33.0,5.96,312.0,165
6,MC06_06_TR06,Gym,P08,MID,0,38,1523,105.0,6.94,224.0,76
6,MC06_06_TR06,Gym,P09,FWD,0,45,1434,77.0,5.94,189.0,180
6,MC06_06_TR06,Gym,P10,MID,0,44,1655,41.0,6.73,296.0,44
6,MC06_06_TR06,Gym,P11,FWD,0,60,1947,73.0,6.24,122.0,240
6,MC06_06_TR06,Gym,P12,DEF,0,55,2290,40.0,6.77,177.0,110
6,MC06_06_TR06,Gym,P13,GK,0,51,1644,109.0,7.6,152.0,51
6,MC06_06_TR06,Gym,P14,MID,0,50,1571,71.0,,396.0,150
6,MC06_06_TR06,Gym,P15,MID,0,60,2005,17.0,6.86,268.0,240
6,MC06_06_TR06,Gym,P16,FWD,0,39,1621,66.0,7.12,380.0,117
6,MC06_06_TR06,Gym,P17,FWD,0,46,1168,72.0,5.52,158.0,92
6,MC06_06_TR06,Injury,P18,DEF,0,0,0,0.0,,630.0,0
6,MC06_06_TR06,Gym,P19,MID,0,52,1605,60.0,7.15,312.0,104
6,MC06_06_TR06,Gym,P20,DEF,0,37,2004,73.0,6.62,308.0,111
6,MC06_06_TR06,Gym,P21,MID,0,44,1480,44.0,6.53,267.0,88
6,MC06_06_TR06,Gym,P22,FWD,0,49,2316,96.0,7.86,174.0,49
6,MC06_06_TR06,Gym,P23,DEF,0,46,1857,25.0,6.85,228.0,138
6,MC06_07_TR07,Field,P01,GK,0,67,4577,977.0,7.19,147.0,201
6,MC06_07_TR07,Field,P02,DEF,0,57,4252,405.0,5.51,150.0,228
6,MC06_07_TR07,Field,P03,DEF,0,60,6311,596.0,6.6,96.0,240
6,MC06_07_TR07,Field,P04,DEF,0,60,5162,395.0,8.67,116.0,120
6,MC06_07_TR07,Field,P05,DEF,0,77,5247,943.0,6.76,41.0,231
6,MC06_07_TR07,Field,P06,MID,0,62,6336,795.0,5.29,174.0,248
6,MC06_07_TR07,Field,P07,FWD,0,69,5291,463.0,7.73,165.0,138
6,MC06_07_TR07,Field,P08,MID,0,54,3603,377.0,8.98,76.0,54
6,MC06_07_TR07,Field,P10,MID,0,55,6066,767.0,4.88,44.0,220
6,MC06_07_TR07,Field,P11,FWD,0,53,5376,683.0,7.02,240.0,159
6,MC06_07_TR07,Field,P12,DEF,0,55,7349,621.0,6.3,110.0,165
6,MC06_07_TR07,Field,P13,GK,0,66,4131,326.0,5.95,51.0,198
6,MC06_07_TR07,Field,P14,MID,0,57,4848,649.0,4.5,150.0,285
6,MC06_07_TR07,Field,P15,MID,0,55,4559,802.0,5.49,240.0,220
6,MC06_07_TR07,Field,P16,FWD,0,55,6209,757.0,5.33,117.0,220
6,MC06_07_TR07,Field,P17,FWD,0,70,6536,652.0,6.24,92.0,210
6,MC06_07_TR07,Injury,P18,DEF,0,0,0,0.0,,630.0,0
6,MC06_07_TR07,Field,P19,MID,0,65,4728,755.0,7.51,104.0,195
6,MC06_07_TR07,Field,P20,DEF,0,61,5006,373.0,7.5,111.0,122
6,MC06_07_TR07,Field,P21,MID,0,71,4545,627.0,5.02,88.0,355
6,MC06_07_TR07,Field,P22,FWD,0,76,7252,762.0,6.63,49.0,304
6,MC06_07_TR07,Field,P23,DEF,0,53,5210,,6.16,138.0,159
6,MC06_08_M,Match,P01,GK,0,0,0,0.0,4.5,201.0,0
6,MC06_08_M,Match,P02,DEF,1,90,11259,,6.79,228.0,450
6,MC06_08_M,Match,P03,DEF,1,90,10187,1479.0,5.47,240.0,540
6,MC06_08_M,Match,P04,DEF,0,0,0,0.0,6.52,120.0,0
6,MC06_08_M,Match,P05,DEF,1,90,10157,1051.0,6.2,231.0,450
6,MC06_08_M,Match,P06,MID,0,0,0,0.0,4.96,248.0,0
6,MC06_08_M,Match,P07,FWD,1,90,9279,1473.0,7.52,138.0,360
6,MC06_08_M,Match,P08,MID,1,90,10907,1147.0,5.48,54.0,450
6,MC06_08_M,Match,P09,FWD,1,90,10861,1309.0,5.75,180.0,360
6,MC06_08_M,Match,P10,MID,1,90,10577,1271.0,5.43,220.0,360
6,MC06_08_M,Match,P11,FWD,0,0,0,0.0,5.47,159.0,0
6,MC06_08_M,Match,P12,DEF,1,90,9031,1642.0,5.98,165.0,450
6,MC06_08_M,Match,P13,GK,1,90,10191,1161.0,3.8409444672987796,198.0,630
6,MC06_08_M,Match,P14,MID,0,0,0,0.0,4.5,285.0,0
6,MC06_08_M,Match,P15,MID,1,90,10063,1532.0,6.04,220.0,450
6,MC06_08_M,Match,P16,FWD,0,0,0,0.0,4.5,220.0,0
6,MC06_08_M,Match,P17,FWD,0,0,0,0.0,5.97,210.0,0
6,MC06_08_M,Injury,P18,DEF,0,0,0,0.0,,630.0,0
6,MC06_08_M,Match,P19,MID,0,0,0,0.0,5.38,195.0,0
6,MC06_08_M,Match,P20,DEF,0,0,0,0.0,4.86,122.0,0
6,MC06_08_M,Match,P21,MID,1,90,10001,1444.0,4.5,355.0,450
6,MC06_08_M,Match,P22,FWD,0,0,0,0.0,,304.0,0
6,MC06_08_M,Match,P23,DEF,0,0,0,0.0,8.28,159.0,0
